first_name,last_name,archetype,plaintext_list,is_checked
Adam Diviš,,"Lier, Disciple of the Drowned",,0
Adam Luxburg,,"Tasigur, the Golden Fang","1 Aboleth Spawn
1 Abrupt Decay
1 Bloodstained Mire
1 Boggart Trawler
1 Brainstorm
1 Castle Locthwain
1 Castle Vantress
1 Clearwater Pathway
1 Cling to Dust
1 Command Tower
1 Consider
1 Consult the Star Charts
1 Cosmogoyf
1 Counterspell
1 Creeping Tar Pit
1 Darkslick Shores
1 Daze
1 Defabricate
1 Deluge of Doom
1 Demonic Consultation
1 Demonic Tutor
1 Dismember
1 Dreamroot Cascade
1 Ertai Resurrected
1 Fabled Passage
1 Fell the Profane
1 Fetid Pools
1 Field of Ruin
1 Flooded Strand
1 Force of Negation
1 Force Spike
1 Forest
1 Gitaxian Probe
1 Hall of Storm Giants
1 Hedge Maze
1 Hive of the Eye Tyrant
1 Inquisition of Kozilek
1 Intuition
1 Island
1 Jace, Wielder of Mysteries
1 Jwari Disruption
1 Long Goodbye
1 Lorien Revealed
1 Mana Leak
1 Marsh Flats
1 Memory Lapse
1 Mental Misstep
1 Minamo, School at Water's Edge
1 Misdirection
1 Muddle the Mixture
1 Mystic Confluence
1 Nimble Obstructionist
1 Oko, Thief of Crowns
1 Orcish Bowmasters
1 Otawara, Soaring City
1 Overgrown Tomb
1 Parallax Nexus
1 Parallax Tide
1 Picklock Prankster
1 Polluted Delta
1 Ponder
1 Prismatic Vista
1 Psychic Frog
1 Rakshasa's Bargain
1 Remand
1 River of Tears
1 Sauron's Ransom
1 Scalding Tarn
1 Shadow of Doubt
1 Sheoldred's Edict
1 Shizo, Death's Storehouse
1 Shred Memory
1 Sink into Stupor
1 Snapcaster Mage
1 Spell Snare
1 Spellseeker
1 Stern Scolding
1 Strategic Betrayal
1 Subtlety
1 Swamp
1 Tainted Pact
1 Takenuma, Abandoned Mire
1 Thought Lash
1 Thought Scour
1 Thoughtseize
1 Tishana's Tidebinder
1 Toxic Deluge
1 Treachery
1 Troll of Khazad-dum
1 Undercity Sewers
1 Underground River
1 Underground Sea
1 Verdant Catacombs
1 Wash Away
1 Waterlogged Teachings
1 Watery Grave
1 Wilderness Reclamation
1 Windswept Heath
1 Zagoth Triome",0
Adam Petřík,,Slimefoot and Squee,"1 Abrupt Decay
1 Abundant Countryside
1 Accursed Marauder
1 Animate Dead
1 Arid Mesa
1 Badgermole Cub
1 Badlands
1 Barrowgoyf
1 Bayou
1 Birds of Paradise
1 Birthing Pod
1 Blackcleave Cliffs
1 Blazemire Verge
1 Blood Crypt
1 Bloodstained Mire
1 Blooming Marsh
1 Boseiju, Who Endures
1 Broadside Bombardiers
1 Cankerbloom
1 Carnage, Crimson Chaos
1 Command Tower
1 Commercial District
1 Copperline Gorge
1 Dauthi Voidwalker
1 Deadpool, Trading Card
1 Deathrite Shaman
1 Delighted Halfling
1 Demonic Tutor
1 Detective's Phoenix
1 Dismember
1 Duress
1 Eldritch Evolution
1 Elves of Deep Shadow
1 Elvish Mystic
1 Emperor of Bones
1 Endurance
1 Fable of the Mirror-Breaker
1 Fatal Push
1 Flame Slash
1 Flare of Malice
1 Formidable Speaker
1 Frenzied Baloth
1 Fury
1 Fyndhorn Elves
1 Ghostfire Slice
1 Goblin Bombardment
1 Grief
1 Grove of the Burnwillows
1 Headliner Scarlett
1 Chaos Defiler
1 Ignoble Hierarch
1 Inquisition of Kozilek
1 Karplusan Forest
1 Keen-Eyed Curator
1 Lazotep Quarry
1 Lightning Bolt
1 Llanowar Elves
1 Llanowar Wastes
1 Marsh Flats
1 Mawloc
1 Metamorphosis Fanatic
1 Minsc & Boo, Timeless Heroes
1 Misty Rainforest
1 Molten Collapse
1 Oliphaunt
1 Opposition Agent
1 Orcish Bowmasters
1 Overgrown Tomb
1 Pendelhaven
1 Phyrexian Tower
1 Polluted Delta
1 Prismatic Vista
1 Pyrogoyf
1 Raucous Theater
1 Scalding Tarn
1 Sephiroth, Fabled SOLDIER
1 Skullclamp
1 Snow-Covered Forest
1 Snow-Covered Mountain
1 Snow-Covered Swamp
1 Spider-Punk
1 Stomping Ground
1 Survival of the Fittest
1 Taiga
1 Tainted Pact
1 Thoughtseize
1 Troll of Khazad-dum
1 Umbral Collar Zealot
1 Underground Mortuary
1 Unearth
1 Utopia Sprawl
1 Verdant Catacombs
1 Wastewood Verge
1 Wight of the Reliquary
1 Wild Growth
1 Windswept Heath
1 Wooded Foothills
1 Worldly Tutor
1 Yavimaya, Cradle of Growth",0
Aleš Buben,,"Prossh, Skyraider of Kher","1 Abrupt Decay
1 Arbor Elf
1 Arcane Signet
1 Arena of Glory
1 Arid Mesa
1 Badgermole Cub
1 Badlands
1 Barrowgoyf
1 Bastion of Remembrance
1 Bayou
1 Birds of Paradise
1 Blood Artist
1 Blood Crypt
1 Bloodstained Mire
1 Boseiju, Who Endures
1 Broadside Bombardiers
1 City of Traitors
1 Coalition Relic
1 Command Tower
1 Commercial District
1 Craterhoof Behemoth
1 Culling the Weak
1 Deathrite Shaman
1 Delighted Halfling
1 Demonic Tutor
1 Domri, Anarch of Bolas
1 Earthcraft
1 Eldritch Evolution
1 Elves of Deep Shadow
1 Elvish Mystic
1 Endurance
1 Enduring Courage
1 Fatal Push
1 Fertile Ground
1 Finale of Devastation
1 Forest
1 Fury
1 Fyndhorn Elves
1 Goblin Bombardment
1 Chaos Defiler
1 Ignoble Hierarch
1 Karplusan Forest
1 Lightning Bolt
1 Llanowar Elves
1 Llanowar Wastes
1 Malevolent Rumble
1 Marionette Apprentice
1 Marsh Flats
1 Mawloc
1 Mayhem Devil
1 Minsc & Boo, Timeless Heroes
1 Misty Rainforest
1 Mountain
1 Nature's Lore
1 Orcish Bowmasters
1 Overgrown Tomb
1 Overgrowth
1 Phyrexian Tower
1 Polluted Delta
1 Primeval Titan
1 Prismatic Vista
1 Purphoros, God of the Forge
1 Pyrogoyf
1 Raucous Theater
1 Rootbound Crag
1 Sakura-Tribe Elder
1 Scalding Tarn
1 Sephiroth, Fabled SOLDIER
1 Shadow in the Warp
1 Shared Animosity
1 Shifting Woodland
1 Skullclamp
1 Snow-Covered Forest
1 Springheart Nantuko
1 Stomping Ground
1 Survival of the Fittest
1 Swamp
1 Sylvan Caryatid
1 Taiga
1 Tainted Pact
1 The Meathook Massacre
1 Thornspire Verge
1 Three Visits
1 Toxic Deluge
1 Underground Mortuary
1 Utopia Sprawl
1 Verdant Catacombs
1 Vivien, Monsters' Advocate
1 Wall of Roots
1 Wastewood Verge
1 Westvale Abbey
1 Wight of the Reliquary
1 Wild Growth
1 Windswept Heath
1 Wooded Foothills
1 Woodland Cemetery
1 Yavimaya, Cradle of Growth
1 Yawgmoth, Thran Physician
1 Zulaport Cutthroat",1
Antonín Seidl,,"Ludevic, Necro-Alchemist & Yoshimaru, Ever Faithful","1 Aang, Swift Savior
1 Adarkar Wastes
1 Ajani, Nacatl Pariah
1 Anim Pakal, Thousandth Moon
1 Aragorn, King of Gondor
1 Arena of Glory
1 Arid Mesa
1 Bloodstained Mire
1 Broadside Bombardiers
1 Captain America, First Avenger
1 Cloud, Midgar Mercenary
1 Command Tower
1 Daze
1 Dennick, Pious Apprentice
1 Detective's Phoenix
1 Eiganjo Castle
1 Eiganjo, Seat of the Empire
1 Embercleave
1 Faerie Mastermind
1 Flagstones of Trokair
1 Flooded Strand
1 Floodfarm Verge
1 Flowering of the White Tree
1 Force of Negation
1 Force Spike
1 Forth Eorlingas!
1 Fury
1 Galvanic Discharge
1 Ghostfire Slice
1 Gwen Stacy // Ghost-Spider
1 Hallowed Fountain
1 Hengegate Pathway
1 Inspiring Vantage
1 Inti, Seneschal of the Sun
1 Island
1 Laelia, the Blade Reforged
1 Lightning Bolt
1 Lion Sash
1 Lorien Revealed
1 Lose Focus
1 Malcolm, Alluring Scoundrel
1 Mana Leak
1 Mana Tithe
1 Marsh Flats
1 Memory Lapse
1 Mental Misstep
1 Merry, Esquire of Rohan
1 Meticulous Archive
1 Minas Tirith
1 Misty Rainforest
1 Mother of Runes
1 Mountain
1 Mystical Dispute
1 No More Lies
1 Oboro, Palace in the Clouds
1 Otawara, Soaring City
1 Phelia, Exuberant Shepherd
1 Phlage, Titan of Fire's Fury
1 Pippin, Guard of the Citadel
1 Plains
1 Plateau
1 Polluted Delta
1 Prismatic Vista
1 Pyrogoyf
1 Pyrokinesis
1 Redirect Lightning
1 Remand
1 Reprieve
1 Reverent Mantra
1 Riverglide Pathway
1 Sacred Foundry
1 Scalding Tarn
1 Shadowspear
1 Sink into Stupor
1 Skullclamp
1 Sokenzan, Crucible of Defiance
1 Solitude
1 Spectacular Spider-Man
1 Steam Vents
1 Stern Scolding
1 Stifle
1 Stoneforge Mystic
1 Subtlety
1 Sunbillow Verge
1 Swords to Plowshares
1 Tale's End
1 Teferi, Time Raveler
1 Tersa Lightshatter
1 The Wandering Emperor
1 Tishana's Tidebinder
1 Tundra
1 Volcanic Island
1 Wan Shi Tong, Librarian
1 Wash Away
1 Windswept Heath
1 Witch Enchanter
1 Wooded Foothills
1 Zack Fair",0
Dan P.,,Peter Parker // Amazing Spider-Man,"1 Abhorrent Oculus
1 Abundant Countryside
1 Arbor Elf
1 Arid Mesa
1 Avacyn's Pilgrim
1 Badgermole Cub
1 Birds of Paradise
1 Birthing Pod
1 Birthing Ritual
1 Boseiju, Who Endures
1 Breeding Pool
1 Brightglass Gearhulk
1 Cloud, Midgar Mercenary
1 Command Tower
1 Containment Priest
1 Delighted Halfling
1 Drannith Magistrate
1 Earthcraft
1 Eladamri's Call
1 Eldritch Evolution
1 Elesh Norn, Mother of Machines
1 Elvish Mystic
1 Endurance
1 Enlightened Tutor
1 Ephemerate
1 Eternal Witness
1 Finale of Devastation
1 Flare of Fortitude
1 Flooded Strand
1 Floodfarm Verge
4 Forest
1 Formidable Speaker
1 Fyndhorn Elves
1 Giver of Runes
1 Green Sun's Zenith
1 Guide of Souls
1 Hallowed Fountain
1 Harbinger of the Seas
1 Haywire Mite
1 Hedge Maze
1 Helping Hand
1 Hushwood Verge
1 Chord of Calling
1 Island
1 Llanowar Elves
1 Lush Portico
1 Marsh Flats
1 Mental Misstep
1 Meticulous Archive
1 Misty Rainforest
1 Mockingbird
1 Mother of Runes
1 Mystic Gate
1 Neoform
1 Noble Hierarch
1 Ocelot Pride
1 Opposition
1 Palace Jailer
1 Parallax Wave
1 Phelia, Exuberant Shepherd
4 Plains
1 Polluted Delta
1 Portable Hole
1 Pre-War Formalwear
1 Prismatic Vista
1 Ranger-Captain of Eos
1 Sanctifier en-Vec
1 Savannah
1 Scalding Tarn
1 Skullclamp
1 Skyclave Apparition
1 Solitude
1 Soulherder
1 Spellseeker
1 Springheart Nantuko
1 Starting Town
1 Stoneforge Mystic
1 Survival of the Fittest
1 Swords to Plowshares
1 Sylvan Safekeeper
1 Temple Garden
1 Tropical Island
1 Tundra
1 Undermountain Adventurer
1 Urza's Saga
1 Utopia Sprawl
1 Verdant Catacombs
1 Voice of Victory
1 Wild Growth
1 Windswept Heath
1 Witch Enchanter
1 Wooded Foothills
1 Yavimaya, Cradle of Growth",0
Daniel Hanzlík,,"Kraum, Ludevic's Opus & Yoshimaru, Ever Faithful","1 Aang, Swift Savior
1 Adarkar Wastes
1 Ambrosia Whiteheart
1 Aragorn, King of Gondor
1 Arid Mesa
1 Ash, Party Crasher
1 Aven Interrupter
1 Baird, Argivian Recruiter
1 Battlefield Forge
1 Bloodstained Mire
1 Broadside Bombardiers
1 City of Brass
1 Command Tower
1 Counterspell
1 Daze
1 Eiganjo Castle
1 Eiganjo, Seat of the Empire
1 Feldon, Ronom Excavator
1 Flame Slash
1 Flooded Strand
1 Floodfarm Verge
1 Forth Eorlingas!
1 Fury
1 Galadriel's Dismissal
1 Galvanic Discharge
1 Glacial Fortress
1 Hallowed Fountain
1 Hammerheim
1 Headliner Scarlett
1 Chain Lightning
1 Inspiring Vantage
1 Jill, Shiva's Dominant
1 Joshua, Phoenix's Dominant
1 Kari Zev, Skyship Raider
1 Kassandra, Eagle Bearer
1 Kellan, Planar Trailblazer
1 Kytheon, Hero of Akros
1 Laelia, the Blade Reforged
1 Lightning Bolt
1 Lightning, Army of One
1 Lose Focus
1 Loyal Apprentice
1 Malcolm, Alluring Scoundrel
1 Mana Confluence
1 Mana Leak
1 Marsh Flats
1 Mental Misstep
1 Merry, Esquire of Rohan
1 Misty Rainforest
1 No More Lies
1 Otawara, Soaring City
1 Parallax Wave
1 Phelia, Exuberant Shepherd
1 Phlage, Titan of Fire's Fury
1 Pippin, Guard of the Citadel
1 Plateau
1 Polluted Delta
1 Prismatic Ending
1 Pyrogoyf
1 Pyrokinesis
1 Razorgrass Ambush
1 Reflecting Pool
1 Remand
1 Reprieve
1 Reverent Mantra
1 Sacred Foundry
1 Scalding Tarn
1 Screaming Nemesis
1 Seachrome Coast
1 Shinka, the Bloodsoaked Keep
1 Skyclave Apparition
1 Snow-Covered Island
1 Snow-Covered Mountain
1 Snow-Covered Plains
1 Sokenzan, Crucible of Defiance
1 Solitude
1 Spectacular Spider-Man
1 Spider-Woman, Stunning Savior
1 Spirebluff Canal
1 Starting Town
1 Static Prison
1 Steam Vents
1 Subtlety
1 Sunbillow Verge
1 Sundering Eruption
1 Swift Reconfiguration
1 Swords to Plowshares
1 Sygg, Wanderwine Wisdom
1 Tajic, Legion's Edge
1 Teferi, Time Raveler
1 Thalia, Heretic Cathar
1 The Spear of Leonidas
1 True-Name Nemesis
1 Tundra
1 Urdnan, Dromoka Warrior
1 Wash Away
1 Windswept Heath
1 Wooded Foothills",0
David Bohuslav,,"Toph, Greatest Earthbender","1 Arbor Elf
1 Arena of Glory
1 Arid Mesa
1 Ba Sing Se
1 Badgermole Cub
1 Berserk
1 Birds of Paradise
1 Blinkmoth Nexus
1 Bloodstained Mire
1 Blossoming Tortoise
1 Boseiju, Who Endures
1 Bristly Bill, Spine Sower
1 Broadside Bombardiers
1 Bumi, Unleashed
1 City of Traitors
1 Command Tower
1 Commercial District
1 Crop Rotation
1 Crystal Vein
1 Delighted Halfling
1 Den of the Bugbear
1 Detective's Phoenix
1 Domri, Anarch of Bolas
1 Dryad Arbor
1 Dust Bowl
1 Earthbender Ascension
1 Elvish Mystic
1 Endurance
1 Exploration
1 Fanatic of Rhonas
1 Fear of Missing Out
3 Forest
1 Formidable Speaker
1 Frenzied Baloth
1 Fury
1 Fyndhorn Elves
1 Galvanic Discharge
1 Ghor-Clan Rampager
1 Ghostfire Slice
1 Green Sun's Zenith
1 Haywire Mite
1 Headliner Scarlett
1 Hexing Squelcher
1 Chain Lightning
1 Icetill Explorer
1 Inkmoth Nexus
1 Inti, Seneschal of the Sun
1 Keen-Eyed Curator
1 Kessig Wolf Run
1 Lair of the Hydra
1 Legolas's Quick Reflexes
1 Lightning Bolt
1 Llanowar Elves
1 Mawloc
1 Minsc & Boo, Timeless Heroes
1 Mishra's Factory
1 Misty Rainforest
2 Mountain
1 Mutavault
1 Nature's Lore
1 Orcish Lumberjack
1 Prismatic Vista
1 Pyrogoyf
1 Pyrokinesis
1 Raging Ravine
1 Restless Ridgeline
1 Scalding Tarn
1 Scythecat Cub
1 Secret Tunnel
1 Shifting Woodland
1 Six
1 Skullclamp
1 Sowing Mycospawn
1 Spider-Punk
1 Springheart Nantuko
1 Stomping Ground
1 Sundering Eruption
1 Sylvan Safekeeper
1 Taiga
1 Talon Gates of Madara
1 Thornspire Verge
1 Three Visits
1 Tinder Wall
1 Treetop Village
1 Tyvar's Stand
1 Untimely Malfunction
1 Urza's Saga
1 Utopia Sprawl
1 Verdant Catacombs
1 Vibrance
1 Wild Growth
1 Windswept Heath
1 Wooded Foothills
1 Worldly Tutor
1 Wrenn and Six
1 Yavimaya, Cradle of Growth",0
David Jones,,Ertai Resurrected,"1 Abhorrent Oculus
1 Agna Qel'a
1 Archmage's Charm
1 Baleful Strix
1 Barrowgoyf
1 Bloodchief's Thirst
1 Bloodstained Mire
1 Brainstorm
1 Brainsurge
1 Castle Vantress
1 Clearwater Pathway
1 Cling to Dust
1 Command Tower
1 Consider
1 Consult the Star Charts
1 Counterspell
1 Creeping Tar Pit
1 Cryptic Command
1 Darkslick Shores
1 Daze
1 Demonic Tutor
1 Dismember
1 Drown in the Loch
1 Drowned Catacomb
1 Fatal Push
1 Field of Ruin
1 Fire Nation Occupation
1 Flooded Strand
1 Force of Negation
1 Force Spike
1 Ghost Vacuum
1 Gitaxian Probe
1 Gloomlake Verge
1 Go for the Throat
1 Hall of Storm Giants
1 Harbinger of the Seas
1 Hullbreacher
1 Change the Equation
1 Long Goodbye
1 Lorien Revealed
1 Lose Focus
1 Malcolm, Alluring Scoundrel
1 Mana Leak
1 Marsh Flats
1 Memory Lapse
1 Mental Misstep
1 Misty Rainforest
1 Murktide Regent
1 Mystic Confluence
1 Mystic Sanctuary
1 Orcish Bowmasters
1 Otawara, Soaring City
1 Parallax Nexus
1 Parallax Tide
1 Peek
1 Polluted Delta
1 Ponder
1 Preordain
1 Prismatic Vista
1 Profane Tutor
1 Psychic Frog
1 Quantum Riddler
1 Remand
1 Requiting Hex
1 Riptide Laboratory
1 Sauron's Ransom
1 Scalding Tarn
1 Shipwreck Marsh
1 Sinister Concierge
1 Snapcaster Mage
10 Snow-Covered Island
2 Snow-Covered Swamp
1 Spell Snare
1 Stern Scolding
1 Stifle
1 Subtlety
1 Sunken Hollow
1 Sunken Ruins
1 Tale's End
1 Toxic Deluge
1 Unable to Scream
1 Undercity Sewers
1 Underground Sea
1 Vedalken Shackles
1 Vendilion Clique
1 Verdant Catacombs
1 Wan Shi Tong, Librarian
1 Wash Away
1 Watery Grave",0
David Mecl,,"Tasigur, the Golden Fang","1 Abrupt Decay
1 Archmage's Charm
1 Auroral Procession
1 Bad River
1 Bayou
1 Bloodstained Mire
1 Boseiju, Who Endures
1 Brainstorm
1 Brainsurge
1 Breeding Pool
1 Cactus Preserve
1 Cling to Dust
1 Command Tower
1 Consider
1 Consult the Star Charts
1 Cosmogoyf
1 Counterspell
1 Cryptic Command
1 Cut Down
1 Damnation
1 Darkslick Shores
1 Daze
1 Demonic Consultation
1 Demonic Tutor
1 Dismember
1 Dreamroot Cascade
1 Drown in the Loch
1 Drowned Catacomb
1 Fatal Push
1 Fire Nation Occupation
1 Flood Plain
1 Flooded Strand
1 Force of Negation
1 Force Spike
1 Gitaxian Probe
1 Gloomlake Verge
1 Hedge Maze
1 Heritage Reclamation
1 Hullbreaker Horror
1 Change the Equation
1 Island
1 Jace, Wielder of Mysteries
1 Languish
1 Long Goodbye
1 Lorien Revealed
1 Lose Focus
1 Mana Leak
1 Marsh Flats
1 Maze of Ith
1 Memory Lapse
1 Mental Misstep
1 Mental Note
1 Miscalculation
1 Mistrise Village
1 Misty Rainforest
1 Mystic Confluence
1 Mystic Sanctuary
1 Neoform
1 Oko, Thief of Crowns
1 Orcish Bowmasters
1 Otawara, Soaring City
1 Polluted Delta
1 Ponder
1 Preordain
1 Prismatic Vista
1 Psychic Frog
1 Rakshasa's Bargain
1 Reflecting Pool
1 Remand
1 Requiting Hex
1 River of Tears
1 Scalding Tarn
1 Shipwreck Marsh
1 Snapcaster Mage
1 Snow-Covered Island
1 Spell Snare
1 Stern Scolding
1 Stubborn Denial
1 Subtlety
1 Sunken Ruins
1 Swamp
1 Tainted Pact
1 Tale's End
1 Tamiyo, Inquisitive Student
1 Thought Scour
1 Thoughtseize
1 Toxic Deluge
1 Tropical Island
1 Undercity Sewers
1 Underground Mortuary
1 Underground Sea
1 Verdant Catacombs
1 Wash Away
1 Waterlogged Teachings
1 Watery Grave
1 Wilderness Reclamation
1 Willowrush Verge
1 Windswept Heath
1 Wooded Foothills",0
David Ottomansky,,"Deadpool, Trading Card","1 Animate Dead
1 Arena of Glory
1 Arid Mesa
1 Badlands
1 Barrowgoyf
1 Blackcleave Cliffs
1 Blazemire Verge
1 Blightstep Pathway
1 Blood Crypt
1 Bloodstained Mire
1 Boggart Trawler
1 Bonecrusher Giant
1 Broadside Bombardiers
1 City of Traitors
1 Cling to Dust
1 Command Tower
1 Crystal Vein
1 Dauthi Voidwalker
1 Deep-Cavern Bat
1 Demonic Tutor
1 Den of the Bugbear
1 Detective's Phoenix
1 Dismember
1 Dragon's Rage Channeler
1 Dragonskull Summit
1 Duress
1 Emperor of Bones
1 Fable of the Mirror-Breaker
1 Fatal Push
1 Fear of Missing Out
1 Fiery Confluence
1 Fire Covenant
1 Fury
1 Ghostfire Slice
1 Graven Cairns
1 Graveyard Trespasser
1 Grief
1 Haunted Ridge
1 Headliner Scarlett
1 Hexing Squelcher
1 Hive of the Eye Tyrant
1 Hymn to Tourach
1 Chain Lightning
1 Chaos Defiler
1 Inquisition of Kozilek
1 Inti, Seneschal of the Sun
1 Kellogg, Dangerous Mind
1 Kolaghan's Command
1 Kroxa, Titan of Death's Hunger
1 Laelia, the Blade Reforged
1 Lazotep Quarry
1 Lightning Bolt
1 Lightning Skelemental
1 Long Goodbye
1 Magus of the Moon
1 Malakir Rebirth
1 Marsh Flats
1 Molten Collapse
1 Mountain
1 Nethergoyf
1 Opposition Agent
1 Orcish Bowmasters
1 Party Thrasher
1 Phyrexian Tower
1 Polluted Delta
1 Prismatic Vista
1 Pyroblast
1 Pyrogoyf
1 Pyrokinesis
1 Raucous Theater
1 Reflecting Pool
1 Scalding Tarn
1 Screaming Nemesis
1 Seasoned Pyromancer
1 Sheoldred, the Apocalypse
1 Shinka, the Bloodsoaked Keep
1 Shizo, Death's Storehouse
1 Simian Spirit Guide
1 Snow-Covered Mountain
1 Snow-Covered Swamp
1 Snuff Out
1 Sokenzan, Crucible of Defiance
1 Spider-Punk
1 Sulfurous Springs
1 Sundering Eruption
1 Swamp
1 Tainted Pact
1 Takenuma, Abandoned Mire
1 Terminate
1 Tersa Lightshatter
1 Thoughtseize
1 Tourach, Dread Cantor
1 Troll of Khazad-dum
1 Undying Evil
1 Unearth
1 Untimely Malfunction
1 Urborg, Tomb of Yawgmoth
1 Verdant Catacombs
1 Wooded Foothills",0
David Štěpánek,,"Aminatou, the Fateshifter","1 Agent of Treachery
1 Agna Qel'a
1 Animate Dead
1 Archon of Cruelty
1 Arid Mesa
1 Ashen Rider
1 Astral Dragon
1 Bloodstained Mire
1 Brainstorm
1 Careful Study
1 Clearwater Pathway
1 Collective Brutality
1 Command Tower
1 Consider
1 Currency Converter
1 Dance of the Dead
1 Darkslick Shores
1 Daze
1 Demonic Tutor
1 Drowned Catacomb
1 Duress
1 Enlightened Tutor
1 Exhume
1 Faithful Mending
1 Fallaji Archaeologist
1 Fatal Push
1 Flash
1 Flooded Strand
1 Floodfarm Verge
1 Force of Negation
1 Force Spike
1 Frantic Search
1 Gitaxian Probe
1 Glacial Fortress
1 Gloomlake Verge
1 Godless Shrine
1 Griselbrand
1 Hallowed Fountain
1 Hoarding Broodlord
1 Inquisition of Kozilek
1 Intuition
1 Island
1 Lim-Dul's Vault
1 Lord of Change
1 Magister of Worth
1 Malcolm, Alluring Scoundrel
1 Mana Leak
1 Marsh Flats
1 Mental Misstep
1 Metamorphosis Fanatic
1 Meticulous Archive
1 Mistrise Village
1 Misty Rainforest
1 Momentum Breaker
1 Mystical Dispute
1 Necromancy
1 Overlord of the Floodpits
1 Overlord of the Mistmoors
1 Persist
1 Plains
1 Polluted Delta
1 Ponder
1 Preordain
1 Prismatic Ending
1 Prismatic Vista
1 Profane Tutor
1 Psychic Frog
1 Scalding Tarn
1 Scrubland
1 Seachrome Coast
1 Shadowy Backstreet
1 Shallow Grave
1 Show and Tell
1 Snow-Covered Island
1 Snow-Covered Swamp
1 Spell Pierce
1 Spell Snare
1 Spellseeker
1 Starting Town
1 Stern Scolding
1 Summon: Bahamut
1 Swamp
1 Swords to Plowshares
1 Tainted Indulgence
1 Tainted Pact
1 Teferi, Time Raveler
1 Thoughtseize
1 Troll of Khazad-dum
1 Tundra
1 Unburial Rites
1 Undercity Sewers
1 Underground River
1 Underground Sea
1 Unmarked Grave
1 Verdant Catacombs
1 Wash Away
1 Watery Grave
1 Windswept Heath
1 Wrath of the Skies",0
Dominik Malý,,"Marath, Will of the Wild",99 Forest,0
Drahomír Havlíček,,"Phelia, Exuberant Shepherd",,0
Dung Nguyen,,"Taii Wakeen, Perfect Shot","1 Abstergo Entertainment
1 Ajani, Nacatl Pariah
1 Arena of Glory
1 Arid Mesa
1 Battlefield Forge
1 Benevolent Bodyguard
1 Bloodstained Mire
1 Bomat Courier
1 Broadside Bombardiers
1 Burst Lightning
1 Cathar Commando
1 Cloud, Midgar Mercenary
1 Command Tower
1 Cori-Steel Cutter
1 Den of the Bugbear
1 Detective's Phoenix
1 Dragon's Rage Channeler
1 Eiganjo, Seat of the Empire
1 Elegant Parlor
1 Enlightened Tutor
1 Esper Sentinel
1 Fable of the Mirror-Breaker
1 Fanatical Firebrand
1 Flooded Strand
1 Forth Eorlingas!
1 Fury
1 Galvanic Blast
1 Galvanic Discharge
1 Ghostfire Slice
1 Giver of Runes
1 Goblin Bombardment
1 Grim Lavamancer
1 Guide of Souls
1 Gut Shot
1 Hexing Squelcher
1 Hired Claw
1 Chain Lightning
1 Inspiring Vantage
1 Joshua, Phoenix's Dominant
1 Kutzil's Flanker
1 Laelia, the Blade Reforged
1 Lava Dart
1 Lightning Bolt
1 Magus of the Moon
1 Marsh Flats
1 Mogg Fanatic
1 Mother of Runes
1 Needleverge Pathway
1 Ocelot Pride
1 On Thin Ice
1 Parallax Wave
1 Phlage, Titan of Fire's Fury
1 Plateau
1 Play with Fire
1 Prismatic Vista
1 Pyrogoyf
1 Pyrokinesis
1 Razorgrass Ambush
1 Sacred Foundry
1 Scalding Tarn
1 Scavenger Grounds
1 Screaming Nemesis
1 Seal of Fire
1 Seasoned Dungeoneer
1 Seasoned Pyromancer
1 Skullclamp
1 Skyclave Apparition
6 Snow-Covered Mountain
6 Snow-Covered Plains
1 Sokenzan, Crucible of Defiance
1 Solitude
1 Soul-Guide Lantern
1 Spider-Punk
1 Spikefield Hazard
1 Stadium Headliner
1 Static Prison
1 Sunbaked Canyon
1 Sunbillow Verge
1 Sundering Eruption
1 Swift Reconfiguration
1 Swords to Plowshares
1 Tarfire
1 Tersa Lightshatter
1 Urza's Saga
1 Voice of Victory
1 Wild Slash
1 Windswept Heath
1 Witch Enchanter
1 Wooded Foothills",0
Dung Nguyen Tien,,Slimefoot and Squee,"1 Abrupt Decay
1 Abundant Countryside
1 Accursed Marauder
1 Animate Dead
1 Arena of Glory
1 Arid Mesa
1 Badlands
1 Barrowgoyf
1 Bayou
1 Birthing Pod
1 Blackcleave Cliffs
1 Blazemire Verge
1 Blood Crypt
1 Bloodstained Mire
1 Blooming Marsh
1 Boseiju, Who Endures
1 Broadside Bombardiers
1 Cankerbloom
1 Command Tower
1 Commercial District
1 Copperline Gorge
1 Deadpool, Trading Card
1 Deathrite Shaman
1 Delighted Halfling
1 Demonic Tutor
1 Detective's Phoenix
1 Dismember
1 Dreams of Steel and Oil
1 Duress
1 Eldritch Evolution
1 Elvish Spirit Guide
1 Emperor of Bones
1 Endurance
1 Fable of the Mirror-Breaker
1 Fatal Push
1 Flare of Malice
1 Forest
1 Formidable Speaker
1 Frenzied Baloth
1 Fury
1 Ghostfire Slice
1 Goblin Bombardment
1 Grief
1 Grist, the Hunger Tide
1 Headliner Scarlett
1 Chaos Defiler
1 Inquisition of Kozilek
1 Keen-Eyed Curator
1 Lazotep Quarry
1 Lightning Bolt
1 Living Death
1 Long Goodbye
1 Marsh Flats
1 Mawloc
1 Metamorphosis Fanatic
1 Minsc & Boo, Timeless Heroes
1 Misty Rainforest
1 Mountain
1 Oliphaunt
1 Opposition Agent
1 Orcish Bowmasters
1 Overgrown Tomb
1 Pendelhaven
1 Phyrexian Tower
1 Polluted Delta
1 Prismatic Vista
1 Pyroblast
1 Pyrogoyf
1 Pyrokinesis
1 Raucous Theater
1 Scalding Tarn
1 Shallow Grave
1 Simian Spirit Guide
1 Skullclamp
1 Snuff Out
1 Stomping Ground
1 Swamp
1 Taiga
1 Tainted Pact
1 Takenuma, Abandoned Mire
1 Tarmogoyf
1 Terminate
1 The Reaper, King No More
1 Thoughtseize
1 Troll of Khazad-dum
1 Umbral Collar Zealot
1 Underground Mortuary
1 Unearth
1 Urborg, Tomb of Yawgmoth
1 Utopia Sprawl
1 Verdant Catacombs
1 Wastewood Verge
1 Wight of the Reliquary
1 Wild Growth
1 Windswept Heath
1 Wooded Foothills
1 Worldly Tutor
1 Yavimaya, Cradle of Growth
1 Yawgmoth, Thran Physician",0
Ervin Kuč,,Spider-Man 2099,"1 Abhorrent Oculus
1 Abrade
1 Agna Qel'a
1 Arena of Glory
1 Archmage's Charm
1 Arid Mesa
1 Bloodstained Mire
1 Brainstorm
1 Brainsurge
1 Brazen Borrower
1 Cascade Bluffs
1 Clout of the Dominus
1 Command Tower
1 Consult the Star Charts
1 Cori Mountain Monastery
1 Counterspell
1 Cryptic Command
1 Daze
1 Detective's Phoenix
1 Expressive Iteration
1 Fiery Impulse
1 Fiery Islet
1 Fire // Ice
1 Fire Magic
1 Flame of Anor
1 Flame Slash
1 Flooded Strand
1 Force of Negation
1 Force Spike
1 Fury
1 Galvanic Discharge
1 Ghostfire Slice
1 Gitaxian Probe
1 Harbinger of the Seas
1 Hullbreacher
1 Chain Lightning
1 Change the Equation
1 Intuition
6 Island
1 Lightning Bolt
1 Lorien Revealed
1 Lose Focus
1 Magus of the Moon
1 Mana Leak
1 Memory Deluge
1 Memory Lapse
1 Mental Misstep
1 Miscalculation
1 Mistrise Village
1 Misty Rainforest
2 Mountain
1 Multiversal Passage
1 Murktide Regent
1 Mystic Confluence
1 Oliphaunt
1 Opal Palace
1 Otawara, Soaring City
1 Peek
1 Polluted Delta
1 Ponder
1 Preordain
1 Prismatic Vista
1 Pyrokinesis
1 Reckless Charge
1 Reflecting Pool
1 Remand
1 Riverpyre Verge
1 Roaring Furnace // Steaming Sauna
1 Scalding Tarn
1 Shivan Reef
1 Sink into Stupor
1 Snapcaster Mage
1 Spell Pierce
1 Spell Snare
1 Spirebluff Canal
1 Steam Vents
1 Step Through
1 Stern Scolding
1 Stock Up
1 Stormcarved Coast
1 Subtlety
1 Sulfur Falls
1 Sundering Eruption
1 Swarmyard
1 Tale's End
1 Thundering Falls
1 Tishana's Tidebinder
1 Vendilion Clique
1 Volcanic Island
1 Wan Shi Tong, Librarian
1 Wash Away
1 Wild Ride
1 Wooded Foothills",0
Honza Kačaba,,Zurgo Bellstriker,"1 Arena of Glory
1 Arid Mesa
1 Ash Zealot
1 Barbarian Ring
1 Bloodstained Mire
1 Boltwave
1 Bonecrusher Giant
1 Broadside Bombardiers
1 Burst Lightning
1 Castle Embereth
1 Cemetery Gatekeeper
1 Den of the Bugbear
1 Detective's Phoenix
1 Dragon's Rage Channeler
1 Eidolon of the Great Revel
1 Emberheart Challenger
1 Exquisite Firecraft
1 Feldon, Ronom Excavator
1 Fiery Confluence
1 Fireblast
1 Flame Slash
1 Force of Rage
1 Fury
1 Ghostfire Slice
1 Goblin Guide
1 Grim Lavamancer
1 Headliner Scarlett
1 Hexing Squelcher
1 Horizon of Progress
1 Chain Lightning
1 Incendiary Flow
1 Incinerate
1 Kari Zev's Expertise
1 Kellan, Planar Trailblazer
1 Laelia, the Blade Reforged
1 Landslide
1 Lava Spike
1 Light Up the Stage
1 Lightning Bolt
1 Lightning Strike
1 Magus of the Moon
1 Mishra's Factory
1 Monastery Swiftspear
1 Monstrous Rage
20 Mountain
1 Mutavault
1 Pinnacle Monk
1 Play with Fire
1 Pyrogoyf
1 Pyrokinesis
1 Rampaging Ferocidon
1 Ramunap Ruins
1 Ranger's Firebrand
1 Razorkin Needlehead
1 Rift Bolt
1 Robber of the Rich
1 Roiling Vortex
1 Scalding Tarn
1 Screaming Nemesis
1 Seal of Fire
1 Searing Blaze
1 Searing Blood
1 Searing Spear
1 Shinka, the Bloodsoaked Keep
1 Shock
1 Simian Spirit Guide
1 Skewer the Critics
1 Skullcrack
1 Slickshot Show-Off
1 Sokenzan, Crucible of Defiance
1 Spider-Punk
1 Sulfuric Vortex
1 Sundering Eruption
1 Sunspine Lynx
1 Tarfire
1 Tersa Lightshatter
1 Untimely Malfunction
1 Wild Slash
1 Wooded Foothills
1 Zhao, the Moon Slayer",0
Ivo Nováček,,"Tasigur, the Golden Fang","1 Abrupt Decay
1 Archmage's Charm
1 Auroral Procession
1 Bad River
1 Bayou
1 Bloodchief's Thirst
1 Bloodstained Mire
1 Boseiju, Who Endures
1 Brainstorm
1 Brainsurge
1 Breeding Pool
1 Cactus Preserve
1 Cling to Dust
1 Command Tower
1 Consider
1 Consult the Star Charts
1 Counterspell
1 Cremate
1 Cryptic Command
1 Cut Down
1 Damnation
1 Darkslick Shores
1 Daze
1 Demonic Consultation
1 Demonic Tutor
1 Dismember
1 Drown in the Loch
1 Drowned Catacomb
1 Fatal Push
1 Fire Nation Occupation
1 Flood Plain
1 Flooded Strand
1 Force of Negation
1 Force Spike
1 Gitaxian Probe
1 Gloomlake Verge
1 Hedge Maze
1 Heritage Reclamation
1 Hinterland Harbor
1 Hullbreaker Horror
1 Change the Equation
1 Jace, Wielder of Mysteries
1 Languish
1 Long Goodbye
1 Lorien Revealed
1 Lose Focus
1 Mana Leak
1 Marsh Flats
1 Maze of Ith
1 Memory Lapse
1 Mental Misstep
1 Mental Note
1 Miscalculation
1 Mistrise Village
1 Misty Rainforest
1 Mystic Confluence
1 Mystic Sanctuary
1 Neoform
1 Oko, Thief of Crowns
1 Otawara, Soaring City
1 Polluted Delta
1 Ponder
1 Preordain
1 Prismatic Vista
1 Psychic Frog
1 Rakshasa's Bargain
1 Reflecting Pool
1 Remand
1 Requiting Hex
1 River of Tears
1 Sauron's Ransom
1 Scalding Tarn
1 Snow-Covered Island
1 Spell Snare
1 Stern Scolding
1 Stubborn Denial
1 Subtlety
1 Sunken Ruins
1 Swamp
1 Tainted Pact
1 Tale's End
1 Tamiyo, Inquisitive Student
1 Thought Scour
1 Thoughtseize
1 Toxic Deluge
1 Tropical Island
1 Undercity Sewers
1 Underground Mortuary
1 Underground River
1 Underground Sea
1 Verdant Catacombs
1 Wan Shi Tong, Librarian
1 Wash Away
1 Waterlogged Teachings
1 Watery Grave
1 Wilderness Reclamation
1 Willowrush Verge
1 Windswept Heath
1 Wooded Foothills",0
Jakub Lerl,,Asmoranomardicadaistinaculdacar,"1 Anger
1 Anje's Ravager
1 Arena of Glory
1 Arid Mesa
1 Ash Barrens
1 Badlands
1 Barrowgoyf
1 Blackcleave Cliffs
1 Blazemire Verge
1 Blightstep Pathway
1 Blood Crypt
1 Bloodghast
1 Bloodstained Mire
1 Bloodtithe Harvester
1 Boggart Trawler
1 Broadside Bombardiers
1 Buried Alive
1 Carnage, Crimson Chaos
1 Circling Vultures
1 Command Tower
1 Cool but Rude
1 Currency Converter
1 Dauthi Voidwalker
1 Demonic Tutor
1 Den of the Bugbear
1 Detective's Phoenix
1 Dismember
1 Dragon's Rage Channeler
1 Duress
1 Emperor of Bones
1 Fable of the Mirror-Breaker
1 Faerie Macabre
1 Faithless Looting
1 Fatal Push
1 Fear of Missing Out
1 Fiery Temper
1 Flamewar, Brash Veteran
1 Forgotten Cave
1 Fury
1 Galvanic Blast
1 Galvanic Discharge
1 Gamble
1 Gemstone Caverns
1 Great Furnace
1 Grief
1 Inquisition of Kozilek
1 Inti, Seneschal of the Sun
1 Iron-Shield Elf
1 Ivora, Insatiable Heir
1 Lightning Bolt
1 Locust Spray
1 Malakir Rebirth
1 Marauding Mako
1 Marsh Flats
1 Molten Collapse
1 Monument to Endurance
1 Moonshadow
1 Mountain
1 Multiversal Passage
1 Nethergoyf
1 Oliphaunt
1 Orcish Bowmasters
1 Ovalchase Daredevil
1 Ox of Agonas
1 Polluted Delta
1 Poxwalkers
1 Prismatic Vista
1 Putrid Imp
1 Pyrogoyf
1 Pyrokinesis
1 Rakdos Headliner
1 Raucous Theater
1 Scalding Tarn
1 Scarab Feast
1 Shinka, the Bloodsoaked Keep
1 Shizo, Death's Storehouse
1 Skycrash
1 Skyfire Phoenix
1 Snow-Covered Mountain
1 Snow-Covered Swamp
1 Sokenzan, Crucible of Defiance
1 Spark Spray
1 Squee, Goblin Nabob
1 Stalactite Stalker
1 Street Wraith
1 Sulfurous Springs
1 Sundering Eruption
1 Swamp
1 Tainted Pact
1 Takenuma, Abandoned Mire
1 The Underworld Cookbook
1 Thoughtseize
1 Troll of Khazad-dum
1 Unearth
1 Urborg, Tomb of Yawgmoth
1 Urza's Saga
1 Vault of Whispers
1 Verdant Catacombs
1 Wooded Foothills",1
Jakub Petřík,,"Emet-Selch, Unsundered // Hades, Sorcerer of Eld","1 Abhorrent Oculus
1 Animate Dead
1 Archon of Cruelty
1 Bitter Triumph
1 Bloodstained Mire
1 Blue Elemental Blast
1 Brainstorm
1 Buried Alive
1 Cabal Ritual
1 Careful Study
1 City of Traitors
1 Collective Brutality
1 Command Tower
1 Corpse Dance
1 Crystal Vein
1 Currency Converter
1 Dance of the Dead
1 Darkslick Shores
1 Daze
1 Demonic Counsel
1 Demonic Tutor
1 Dismember
1 Drowned Catacomb
1 Duress
1 Ebon Stronghold
1 Emperor of Bones
1 Exhume
1 Fatal Push
1 Flash
1 Flooded Strand
1 Force Spike
1 Frantic Search
1 Gloomlake Verge
1 Grief
1 Griselbrand
1 Hoarding Broodlord
1 Hydroblast
1 Inquisition of Kozilek
1 Intuition
2 Island
1 Lake of the Dead
1 Lively Dirge
1 Lord of Change
1 Marsh Flats
1 Mental Misstep
1 Metamorphosis Fanatic
1 Misty Rainforest
1 Necromancy
1 Necrotic Ooze
1 Orcish Bowmasters
1 Otawara, Soaring City
1 Pact of Negation
1 Persist
1 Phyrexian Devourer
1 Phyrexian Tower
1 Polluted Delta
1 Ponder
1 Prismatic Vista
1 Profane Tutor
1 Psychic Frog
1 Roiling Dragonstorm
1 Rune-Scarred Demon
1 Sacrifice
1 Sauron's Ransom
1 Saw in Half
1 Scalding Tarn
1 Shallow Grave
1 Shipwreck Marsh
1 Show and Tell
1 Sink into Stupor
1 Snapcaster Mage
1 Stifle
1 Summon: Bahamut
1 Sunken Ruins
1 Svyelunite Temple
9 Swamp
1 Tainted Indulgence
1 Tendrils of Agony
1 Thoughtseize
1 Toxic Deluge
1 Trench Gorger
1 Undercity Sewers
1 Underground Sea
1 Unmarked Grave
1 Urborg, Tomb of Yawgmoth
1 Verdant Catacombs
1 Walking Ballista
1 Wash Away
1 Watery Grave
1 Yawgmoth's Will",0
Jan Bizon,,"Emet-Selch, Unsundered // Hades, Sorcerer of Eld","1 Abhorrent Oculus
1 Animate Dead
1 Archon of Cruelty
1 Astral Dragon
1 Bitter Triumph
1 Bloodstained Mire
1 Brainstorm
1 Buried Alive
1 Cabal Ritual
1 Careful Study
1 Collective Brutality
1 Command Tower
1 Consult the Star Charts
1 Corpse Dance
1 Crystal Vein
1 Currency Converter
1 Dance of the Dead
1 Darkslick Shores
1 Daze
1 Deluge of Doom
1 Demonic Counsel
1 Demonic Tutor
1 Dismember
1 Drowned Catacomb
1 Duress
1 Ebon Stronghold
1 Emperor of Bones
1 Exhume
1 Fatal Push
1 Flash
1 Flooded Strand
1 Frantic Search
1 Gitaxian Probe
1 Gloomlake Verge
1 Grief
1 Griselbrand
1 Hoarding Broodlord
1 Chart a Course
1 Inquisition of Kozilek
1 Intuition
1 Lake of the Dead
1 Lord of Change
1 Marsh Flats
1 Memory Lapse
1 Mental Misstep
1 Metamorphosis Fanatic
1 Misty Rainforest
1 Necromancy
1 Otawara, Soaring City
1 Peat Bog
1 Persist
1 Polluted Delta
1 Ponder
1 Prismatic Vista
1 Profane Tutor
1 Psychic Frog
1 Remand
1 Roiling Dragonstorm
1 Sacrifice
1 Sauron's Ransom
1 Saw in Half
1 Scalding Tarn
1 Shallow Grave
1 Shipwreck Marsh
1 Show and Tell
2 Snow-Covered Island
9 Snow-Covered Swamp
1 Stifle
1 Stock Up
1 Summon: Bahamut
1 Sundering Titan
1 Sunken Hollow
1 Sunken Ruins
1 Superior Spider-Man
1 Tainted Indulgence
1 Tendrils of Agony
1 Thoughtseize
1 Toxic Deluge
1 Trench Gorger
1 Troll of Khazad-dum
1 Undercity Sewers
1 Underground River
1 Underground Sea
1 Unmarked Grave
1 Unmask
1 Urborg, Tomb of Yawgmoth
1 Valgavoth, Terror Eater
1 Verdant Catacombs
1 Watery Grave
1 Yawgmoth's Will",0
Jan Findejs,,"Tasigur, the Golden Fang","1 Abrupt Decay
1 Archmage's Charm
1 Auroral Procession
1 Bayou
1 Bloodchief's Thirst
1 Bloodstained Mire
1 Boseiju, Who Endures
1 Brainstorm
1 Brainsurge
1 Breeding Pool
1 Cactus Preserve
1 Cling to Dust
1 Command Tower
1 Consider
1 Consult the Star Charts
1 Counterspell
1 Cremate
1 Cryptic Command
1 Cut Down
1 Damnation
1 Darkslick Shores
1 Daze
1 Demonic Consultation
1 Demonic Tutor
1 Dismember
1 Drown in the Loch
1 Drowned Catacomb
1 Fatal Push
1 Fire Nation Occupation
1 Flood Plain
1 Flooded Strand
1 Force of Negation
1 Force Spike
1 Gitaxian Probe
1 Gloomlake Verge
1 Hedge Maze
1 Heritage Reclamation
1 Hinterland Harbor
1 Hullbreaker Horror
1 Change the Equation
1 Island
1 Jace, Wielder of Mysteries
1 Languish
1 Long Goodbye
1 Lorien Revealed
1 Lose Focus
1 Mana Leak
1 Marsh Flats
1 Maze of Ith
1 Memory Lapse
1 Mental Misstep
1 Mental Note
1 Miscalculation
1 Mistrise Village
1 Misty Rainforest
1 Mystic Confluence
1 Mystic Sanctuary
1 Neoform
1 Otawara, Soaring City
1 Polluted Delta
1 Ponder
1 Preordain
1 Prismatic Vista
1 Psychic Frog
1 Rakshasa's Bargain
1 Reflecting Pool
1 Remand
1 Requiting Hex
1 River of Tears
1 Sauron's Ransom
1 Scalding Tarn
1 Shipwreck Marsh
1 Snow-Covered Island
1 Spell Snare
1 Stern Scolding
1 Stubborn Denial
1 Subtlety
1 Sunken Ruins
1 Swamp
1 Tainted Pact
1 Tale's End
1 Tamiyo, Inquisitive Student
1 Thought Scour
1 Thoughtseize
1 Toxic Deluge
1 Tropical Island
1 Undercity Sewers
1 Underground Mortuary
1 Underground River
1 Underground Sea
1 Verdant Catacombs
1 Wan Shi Tong, Librarian
1 Wash Away
1 Waterlogged Teachings
1 Watery Grave
1 Wilderness Reclamation
1 Willowrush Verge
1 Windswept Heath
1 Wooded Foothills",0
Jan Hurt,,"Ketramose, the New Dawn","1 Abstergo Entertainment
1 Agatha's Soul Cauldron
1 Arid Mesa
1 Beseech the Mirror
1 Bleachbone Verge
1 Bloodstained Mire
1 Boggart Trawler
1 Bojuka Bog
1 Brightclimb Pathway
1 Cataclysm
1 Cathar Commando
1 Cling to Dust
1 Command Tower
1 Concealed Courtyard
1 Damn
1 Damnation
1 Demonic Bargain
1 Demonic Consultation
1 Demonic Tutor
1 Dismember
1 Disruptor Flute
1 Dread Fugue
1 Duress
1 Dust Bowl
1 Eiganjo, Seat of the Empire
1 Emperor of Bones
1 Enlightened Tutor
1 Fatal Push
1 Feed the Cycle
1 Fell the Profane
1 Fetid Heath
1 Flagstones of Trokair
1 Flooded Strand
1 Gemstone Caverns
1 Get Lost
1 Ghost Vacuum
1 Godless Shrine
1 Grief
1 Hive of the Eye Tyrant
1 Hymn to Tourach
1 Inquisition of Kozilek
1 Isolated Chapel
1 Kaya, Orzhov Usurper
1 Kaya's Guile
1 Mana Tithe
1 March of Otherworldly Light
1 Marsh Flats
1 Maze of Ith
1 Murderous Cut
1 On Thin Ice
1 Opposition Agent
1 Orcish Bowmasters
1 Orzhov Basilica
1 Ossification
1 Oust
1 Parallax Wave
1 Phyrexian Furnace
1 Polluted Delta
1 Portable Hole
1 Prismatic Vista
1 Razorgrass Ambush
1 Relic of Progenitus
1 Reprieve
1 Scrabbling Claws
1 Scrubland
1 Seam Rip
1 Senu, Keen-Eyed Protector
1 Serum Powder
1 Shadowy Backstreet
1 Shattered Sanctum
1 Skyclave Apparition
3 Snow-Covered Plains
4 Snow-Covered Swamp
1 Solitude
1 Stone of Erech
1 Strategic Betrayal
1 Swift Reconfiguration
1 Swords to Plowshares
1 Tainted Pact
1 Talon Gates of Madara
1 Teval's Judgment
1 The Abyss
1 The Ooze
1 Thoughtseize
1 Tithe
1 Tourach, Dread Cantor
1 Toxic Deluge
1 Urborg, Tomb of Yawgmoth
1 Urza's Saga
1 Vault of Whispers
1 Verdant Catacombs
1 Windswept Heath
1 Withering Boon
1 Witch Enchanter",0
Jan Kaňka,,"Deadpool, Trading Card",,0
Jan Klimeš,,"Terra, Magical Adept // Esper Terra","1 Abrupt Decay
1 Ajani, Nacatl Pariah
1 Animate Dead
1 Arid Mesa
1 Badgermole Cub
1 Badlands
1 Barrowgoyf
1 Bayou
1 Birds of Paradise
1 Blazemire Verge
1 Blood Crypt
1 Bloodstained Mire
1 Boseiju, Who Endures
1 City of Brass
1 Command Tower
1 Dance of the Dead
1 Dauthi Voidwalker
1 Deathrite Shaman
1 Delighted Halfling
1 Demonic Tutor
1 Detective's Phoenix
1 Dismember
1 Eladamri's Call
1 Emperor of Bones
1 Endurance
1 Evasive Action
1 Fable of the Mirror-Breaker
1 Fatal Push
1 Fear of Missing Out
1 Flooded Strand
1 Formidable Speaker
1 Fury
1 Gitaxian Probe
1 Godless Shrine
1 Grief
1 Hushwood Verge
1 Chaos Defiler
1 Ignoble Hierarch
1 Leyline Binding
1 Lightning Bolt
1 Lively Dirge
1 Lush Portico
1 Malevolent Rumble
1 Mana Confluence
1 Mardu Siegebreaker
1 Marsh Flats
1 Mawloc
1 Metamorphosis Fanatic
1 Misty Rainforest
1 Necromancy
1 Noble Hierarch
1 Oliphaunt
1 Opposition Agent
1 Orcish Bowmasters
1 Overgrown Tomb
1 Overlord of the Balemurk
1 Parallax Wave
1 Path of Ancestry
1 Phelia, Exuberant Shepherd
1 Phlage, Titan of Fire's Fury
1 Plateau
1 Polluted Delta
1 Psychic Frog
1 Pyrogoyf
1 Raucous Theater
1 Savannah
1 Scalding Tarn
1 Scrubland
1 Seam Rip
1 Shadowy Backstreet
1 Solitude
1 Starting Town
1 Stomping Ground
1 Summon: Yojimbo
1 Superior Spider-Man
1 Survival of the Fittest
1 Swift Reconfiguration
1 Swords to Plowshares
1 Taiga
1 Tainted Pact
1 Tarmogoyf
1 Tasigur, the Golden Fang
1 Teferi, Time Raveler
1 Temple Garden
1 Territorial Kavu
1 Thoughtseize
1 Troll of Khazad-dum
1 Tropical Island
1 Tundra
1 Underground Sea
1 Verdant Catacombs
1 Volcanic Island
1 Wastewood Verge
1 Wild Growth
1 Windswept Heath
1 Wooded Foothills
1 Worldgorger Dragon
1 Worldly Tutor
1 Wrenn and Six",0
Jan Martínek,,"Grist, the Hunger Tide","1 Abrupt Decay
1 Accursed Marauder
1 Alpha Deathclaw
1 Arbor Elf
1 Ba Sing Se
1 Badgermole Cub
1 Barrowgoyf
1 Bayou
1 Birds of Paradise
1 Birthing Pod
1 Bloodghast
1 Bloodstained Mire
1 Blooming Marsh
1 Boggart Trawler
1 Bojuka Bog
1 Boreal Druid
1 Boseiju, Who Endures
1 Buried Alive
1 Command Tower
1 Contamination
1 Darkbore Pathway
1 Dauthi Voidwalker
1 Deathcap Glade
1 Deathrite Shaman
1 Delighted Halfling
1 Demonic Tutor
1 Diabolic Intent
1 Dinosaur Egg
1 Dismember
1 Dryad Arbor
1 Duress
1 Elves of Deep Shadow
1 Elvish Mystic
1 Emperor of Bones
1 Endurance
1 Eternal Witness
1 Fatal Push
1 Fell the Profane
6 Forest
1 Formidable Speaker
1 Frenzied Baloth
1 Fyndhorn Elves
1 Green Sun's Zenith
1 Haywire Mite
1 Hive of the Eye Tyrant
1 Hogaak, Arisen Necropolis
1 Honest Rutstein
1 Chthonian Nightmare
1 Inquisition of Kozilek
1 Keen-Eyed Curator
1 Lethal Scheme
1 Lively Dirge
1 Living Death
1 Llanowar Elves
1 Llanowar Wastes
1 Marsh Flats
1 Metamorphosis Fanatic
1 Misty Rainforest
1 Nature's Rhythm
1 Necromancy
1 Orcish Bowmasters
1 Overgrown Tomb
1 Overlord of the Balemurk
1 Pendelhaven
1 Phyrexian Tower
1 Polluted Delta
1 Primaris Eliminator
1 Sephiroth, Fabled SOLDIER
1 Sheoldred, the Apocalypse
1 Shifting Woodland
1 Six
1 Skullclamp
3 Swamp
1 Thoughtseize
1 Toxic Deluge
1 Troll of Khazad-dum
1 Twilight Mire
1 Underground Mortuary
1 Undermountain Adventurer
1 Unearth
1 Utopia Sprawl
1 Vengevine
1 Verdant Catacombs
1 Wastewood Verge
1 Wight of the Reliquary
1 Wild Growth
1 Windswept Heath
1 Wooded Foothills
1 Woodland Cemetery
1 Worldly Tutor
1 Yavimaya, Cradle of Growth
1 Yawgmoth, Thran Physician",0
Jan Pokorný,,"Juri, Master of the Revue","1 Accursed Marauder
1 Arid Mesa
1 Badlands
1 Barbarian Ring
1 Bitterbloom Bearer
1 Blackcleave Cliffs
1 Blazemire Verge
1 Blightstep Pathway
1 Blood Crypt
1 Bloodsoaked Champion
1 Bloodstained Mire
1 Bloodtithe Harvester
1 Boggart Trawler
1 Broadside Bombardiers
1 Callous Sell-Sword
1 Carrion Feeder
1 Claim // Fame
1 Command Tower
1 Cori-Steel Cutter
1 Cult Conscript
1 Cultist of the Absolute
1 Dark Confidant
1 Dauthi Voidwalker
1 Deadpool, Trading Card
1 Demonic Consultation
1 Demonic Tutor
1 Detective's Phoenix
1 Dismember
1 Dragon's Rage Channeler
1 Duress
1 Ellie, Brick Master
1 Emperor of Bones
1 Eumidian Hatchery
1 Fable of the Mirror-Breaker
1 Fatal Push
1 Flare of Malice
1 Forsaken Miner
1 Fury
1 Gamble
1 Goblin Bombardment
1 Gravecrawler
1 Graven Cairns
1 Great Furnace
1 Greater Gargadon
1 Grief
1 Harmonic Prodigy
1 Haunted Ridge
1 Lazotep Quarry
1 Lightning Bolt
1 Mana Confluence
1 Marionette Apprentice
1 Marsh Flats
1 Moonshadow
1 Mount Doom
1 Mountain
1 Multiversal Passage
1 Nethergoyf
1 Orcish Bowmasters
1 Phyrexian Tower
1 Polluted Delta
1 Prismatic Vista
1 Pyrokinesis
1 Raucous Theater
1 Rotten Reunion
1 Scalding Tarn
1 Seal of Fire
1 Sephiroth, Fabled SOLDIER
1 Shinka, the Bloodsoaked Keep
1 Shizo, Death's Storehouse
1 Simian Spirit Guide
1 Skittering Precursor
1 Snow-Covered Mountain
1 Snow-Covered Swamp
1 Sokenzan, Crucible of Defiance
1 Spawning Pit
1 Springleaf Drum
1 Spymaster's Vault
1 Stadium Headliner
1 Stalactite Stalker
1 Starting Town
1 Sulfurous Springs
1 Sundering Eruption
1 Super Shredder
1 Swamp
1 Tainted Pact
1 Takenuma, Abandoned Mire
1 Thoughtseize
1 Timeline Culler
1 Umbral Collar Zealot
1 Unearth
1 Urborg, Tomb of Yawgmoth
1 Urza's Saga
1 Vault of Whispers
1 Verdant Catacombs
1 Viscera Seer
1 Voldaren Epicure
1 Warren Soultrader
1 Wooded Foothills
1 Zuran Orb",1
Jan Roub,,"Atraxa, Grand Unifier","1 Abrupt Decay
1 Ancient Cornucopia
1 Arcane Signet
1 Arid Mesa
1 Bayou
1 Bloodstained Mire
1 Boseiju, Who Endures
1 Brainstorm
1 Brainsurge
1 Cactus Preserve
1 Cling to Dust
1 Command Tower
1 Consult the Star Charts
1 Counterspell
1 Cryptic Command
1 Cut Down
1 Damn
1 Demonic Tutor
1 Deserted Beach
1 Dream Halls
1 Dress Down
1 Drown in the Loch
1 Drowned Catacomb
1 Emrakul, the Promised End
1 Evasive Action
1 Fatal Push
1 Flooded Strand
1 Floodfarm Verge
1 Force of Negation
1 Force Spike
1 Glacial Fortress
1 Gloomlake Verge
1 Hallowed Fountain
1 Hedge Maze
1 Hinterland Harbor
1 Island
1 Kaya's Guile
1 Leyline Binding
1 Long Goodbye
1 Lorien Revealed
1 Lose Focus
1 Mana Leak
1 Mana Tithe
1 Marsh Flats
1 Memory Deluge
1 Memory Lapse
1 Mental Misstep
1 Meticulous Archive
1 Mistrise Village
1 Misty Rainforest
1 Mystic Confluence
1 Mystic Sanctuary
1 No More Lies
1 Oko, Thief of Crowns
1 Orcish Bowmasters
1 Otawara, Soaring City
1 Oust
1 Plains
1 Polluted Delta
1 Ponder
1 Preordain
1 Prismatic Vista
1 Psychic Frog
1 Rakshasa's Bargain
1 Reflecting Pool
1 Remand
1 Reprieve
1 Sauron's Ransom
1 Savannah
1 Scalding Tarn
1 Scrubland
1 Shipwreck Marsh
1 Shorikai, Genesis Engine
1 Snapcaster Mage
1 Solitude
1 Spell Snare
1 Stern Scolding
1 Subtlety
1 Supreme Verdict
1 Swamp
1 Swords to Plowshares
1 Tainted Pact
1 Tale's End
1 Tamiyo, Inquisitive Student
1 Teferi, Hero of Dominaria
1 Teferi, Time Raveler
1 Temple of the False God
1 Toxic Deluge
1 Tropical Island
1 Tundra
1 Undercity Sewers
1 Underground Sea
1 Veil of Summer
1 Verdant Catacombs
1 Wan Shi Tong, Librarian
1 Wash Away
1 Watery Grave
1 Windswept Heath
1 Wooded Foothills",0
Jan Stádník,,"Aragorn, King of Gondor","1 Aang, Swift Savior
1 Adarkar Wastes
1 Ajani, Nacatl Pariah
1 Arena of Glory
1 Arid Mesa
1 Bloodstained Mire
1 Brainstorm
1 Brazen Borrower
1 Cathar Commando
1 Command Tower
1 Consult the Star Charts
1 Counterspell
1 Daze
1 Deserted Beach
1 Detective's Phoenix
1 Eiganjo, Seat of the Empire
1 Elegant Parlor
1 Expressive Iteration
1 Fable of the Mirror-Breaker
1 Faerie Mastermind
1 Flame Slash
1 Flooded Strand
1 Floodfarm Verge
1 Force of Negation
1 Force Spike
1 Forth Eorlingas!
1 Fury
1 Galvanic Discharge
1 Ghostfire Slice
1 Gitaxian Probe
1 Glacial Fortress
1 Hallowed Fountain
1 Hullbreacher
1 Chain Lightning
1 Island
1 Lightning Bolt
1 Lorien Revealed
1 Lose Focus
1 Malcolm, Alluring Scoundrel
1 Mana Leak
1 Mana Tithe
1 Marsh Flats
1 Memory Lapse
1 Mental Misstep
1 Meticulous Archive
1 Mistrise Village
1 Misty Rainforest
1 Mountain
1 Murktide Regent
1 No More Lies
1 Ocelot Pride
1 Otawara, Soaring City
1 Parallax Wave
1 Phelia, Exuberant Shepherd
1 Phlage, Titan of Fire's Fury
1 Plains
1 Plateau
1 Polluted Delta
1 Prismatic Ending
1 Prismatic Vista
1 Pyrogoyf
1 Quantum Riddler
1 Reflecting Pool
1 Remand
1 Reprieve
1 Restless Anchorage
1 Riverpyre Verge
1 Sacred Foundry
1 Scalding Tarn
1 Seachrome Coast
1 Simian Spirit Guide
1 Sink into Stupor
1 Skyclave Apparition
1 Snapcaster Mage
1 Solitude
1 Spectacular Spider-Man
1 Spell Pierce
1 Spell Snare
1 Spirebluff Canal
1 Steam Vents
1 Stern Scolding
1 Stormcarved Coast
1 Subtlety
1 Sulfur Falls
1 Swords to Plowshares
1 Tale's End
1 Teferi, Time Raveler
1 Thundering Falls
1 Tishana's Tidebinder
1 Tundra
1 Unholy Heat
1 Vendilion Clique
1 Voice of Victory
1 Volcanic Island
1 Wan Shi Tong, Librarian
1 Wash Away
1 Windswept Heath
1 Witch Enchanter
1 Wooded Foothills",0
Jan Svoboda,,Spider-Man 2099,"1 Agna Qel'a
1 Arena of Glory
1 Arid Mesa
1 Bloodstained Mire
1 Bonecrusher Giant
1 Brainstorm
1 Brazen Borrower
1 Cascade Bluffs
1 Clout of the Dominus
1 Command Tower
1 Cori Mountain Monastery
1 Cori-Steel Cutter
1 Counterspell
1 Daze
1 Demonic Ruckus
1 Den of the Bugbear
1 Detective's Phoenix
1 Double Jump // Flying Kick
1 Dragon's Rage Channeler
1 Dreadhorde Arcanist
1 Expressive Iteration
1 Fable of the Mirror-Breaker
1 Faerie Mastermind
1 Fear of Missing Out
1 Fiery Confluence
1 Fiery Islet
1 Fire Magic
1 Flame of Anor
1 Flame Slash
1 Flooded Strand
1 Force of Negation
1 Force Spike
1 Fury
1 Galvanic Discharge
1 Ghostfire Slice
1 Gitaxian Probe
1 Harbinger of the Seas
1 Hexing Squelcher
1 Chain Lightning
1 Chandra, Torch of Defiance
1 Change the Equation
1 Intuition
4 Island
1 Lightning Bolt
1 Lorien Revealed
1 Lose Focus
1 Magmatic Sinkhole
1 Magus of the Moon
1 Malcolm, Alluring Scoundrel
1 Mana Leak
1 Memory Lapse
1 Mental Misstep
1 Mistrise Village
1 Misty Rainforest
3 Mountain
1 Murktide Regent
1 Opal Palace
1 Otawara, Soaring City
1 Party Thrasher
1 Polluted Delta
1 Ponder
1 Preordain
1 Prismatic Vista
1 Pyrogoyf
1 Pyrokinesis
1 Reckless Charge
1 Reflecting Pool
1 Remand
1 Riverglide Pathway
1 Riverpyre Verge
1 Scalding Tarn
1 Shivan Reef
1 Sink into Stupor
1 Snapcaster Mage
1 Spell Snare
1 Spirebluff Canal
1 Steam Vents
1 Stern Scolding
1 Stifle
1 Stormcarved Coast
1 Subtlety
1 Sulfur Falls
1 Sundering Eruption
1 Swarmyard
1 Thundering Falls
1 Tishana's Tidebinder
1 True-Name Nemesis
1 Unholy Heat
1 Vendilion Clique
1 Volcanic Island
1 Wan Shi Tong, Librarian
1 Wash Away
1 Wild Ride
1 Wooded Foothills",0
Jindřich Böhm,,"Tasigur, the Golden Fang","1 Abrupt Decay
1 Archmage's Charm
1 Auroral Procession
1 Bad River
1 Bayou
1 Bloodstained Mire
1 Boseiju, Who Endures
1 Brainstorm
1 Brainsurge
1 Breeding Pool
1 Cactus Preserve
1 Command Tower
1 Consider
1 Consult the Star Charts
1 Counterspell
1 Cryptic Command
1 Cut Down
1 Damnation
1 Darkslick Shores
1 Demonic Tutor
1 Dismember
1 Disruptor Flute
1 Dreamroot Cascade
1 Drown in the Loch
1 Drowned Catacomb
1 Fatal Push
1 Fire Nation Occupation
1 Flood Plain
1 Flooded Strand
1 Force of Negation
1 Force Spike
1 Gitaxian Probe
1 Gloomlake Verge
1 Hedge Maze
1 Heritage Reclamation
1 Hullbreaker Horror
1 Change the Equation
1 Island
1 Jace, Wielder of Mysteries
1 Languish
1 Long Goodbye
1 Lorien Revealed
1 Lose Focus
1 Mana Leak
1 Marsh Flats
1 Maze of Ith
1 Memory Lapse
1 Mental Misstep
1 Miscalculation
1 Mistrise Village
1 Misty Rainforest
1 Mystic Confluence
1 Mystic Sanctuary
1 Neoform
1 Oko, Thief of Crowns
1 Opposition Agent
1 Otawara, Soaring City
1 Otherworldly Gaze
1 Polluted Delta
1 Ponder
1 Preordain
1 Prismatic Vista
1 Psychic Frog
1 Rakshasa's Bargain
1 Reflecting Pool
1 Remand
1 Requiting Hex
1 River of Tears
1 Scalding Tarn
1 Shadow of Doubt
1 Shipwreck Marsh
1 Snow-Covered Island
1 Spell Pierce
1 Spell Snare
1 Stern Scolding
1 Stubborn Denial
1 Subtlety
1 Sunken Ruins
1 Swamp
1 Tainted Pact
1 Tale's End
1 Tamiyo, Inquisitive Student
1 Thought Scour
1 Thoughtseize
1 Toxic Deluge
1 Tropical Island
1 Undercity Sewers
1 Underground Mortuary
1 Underground Sea
1 Up the Beanstalk
1 Verdant Catacombs
1 Wan Shi Tong, Librarian
1 Wash Away
1 Waterlogged Teachings
1 Watery Grave
1 Wilderness Reclamation
1 Willowrush Verge
1 Windswept Heath
1 Wooded Foothills",0
Jiří Joska,,"Brigid, Clachan's Heart // Brigid, Doun's Mind","1 Abandoned Air Temple
1 Arbor Elf
1 Arid Mesa
1 Avacyn's Pilgrim
1 Ba Sing Se
1 Badgermole Cub
1 Benevolent Bodyguard
1 Birds of Paradise
1 Birthing Pod
1 Boreal Druid
1 Boseiju, Who Endures
1 Brightglass Gearhulk
1 Brushland
1 Burrenton Forge-Tender
1 Cloud, Midgar Mercenary
1 Command Tower
1 Delighted Halfling
1 Devoted Druid
1 Dryad Arbor
1 Earthcraft
1 Eiganjo Castle
1 Eiganjo, Seat of the Empire
1 Eladamri's Call
1 Eldritch Evolution
1 Elvish Mystic
1 Endurance
1 Enlightened Tutor
1 Finale of Devastation
1 Flooded Strand
1 Formidable Speaker
1 Fyndhorn Elves
1 Giver of Runes
1 Green Sun's Zenith
1 Guide of Souls
1 Haywire Mite
1 Horizon Canopy
1 Hushwood Verge
1 Chord of Calling
1 Keen-Eyed Curator
1 Llanowar Elves
1 Lush Portico
1 Marsh Flats
1 Melira, the Living Cure
1 Misty Rainforest
1 Mother of Runes
1 Multiversal Passage
1 Nature's Rhythm
1 Ocelot Pride
1 On Thin Ice
1 Palace Jailer
1 Parallax Wave
1 Pre-War Formalwear
1 Prismatic Vista
1 Quirion Ranger
1 Ranger of Eos
1 Ranger-Captain of Eos
1 Razorverge Thicket
1 Recruiter of the Guard
1 Reverent Mantra
1 Sanctifier en-Vec
1 Savannah
1 Seedcradle Witch
1 Skullclamp
1 Skyclave Apparition
7 Snow-Covered Forest
5 Snow-Covered Plains
1 Solitude
1 Springheart Nantuko
1 Starfield Shepherd
1 Static Prison
1 Stoneforge Mystic
1 Summoner's Pact
1 Surrak, Elusive Hunter
1 Survival of the Fittest
1 Swift Reconfiguration
1 Swords to Plowshares
1 Temple Garden
1 Urza's Saga
1 Utopia Sprawl
1 Verdant Catacombs
1 Voice of Victory
1 Walking Ballista
1 Wild Growth
1 Windswept Heath
1 Witch Enchanter
1 Wooded Bastion
1 Wooded Foothills
1 Worldly Tutor
1 Yavimaya, Cradle of Growth",0
Jiří Kočárek,,"Lumra, Bellow of the Woods",,0
Karel Váňa,,"Muxus, Goblin Grandee","1 Ardoz, Cobbler of War
1 Arena of Glory
1 Arid Mesa
1 Battle Cry Goblin
1 Bloodstained Mire
1 Breeches, Eager Pillager
1 Brightstone Ritual
1 Broadside Bombardiers
1 Cactus Preserve
1 Castle Embereth
1 City of Traitors
1 Command Beacon
1 Conspicuous Snoop
1 Crystal Vein
1 Defense Grid
1 Den of the Bugbear
1 Desperate Ritual
1 Draconautics Engineer
1 Dropkick Bomber
1 Dwarven Ruins
1 Enterprising Scallywag
1 Fanatical Firebrand
1 Flare of Duplication
1 Fury
1 Gemstone Caverns
1 General Kreat, the Boltbringer
1 Geosurge
1 Goblin Chieftain
1 Goblin Chirurgeon
1 Goblin King
1 Goblin Lackey
1 Goblin Matron
1 Goblin Piledriver
1 Goblin Rabblemaster
1 Goblin Recruiter
1 Goblin Trashmaster
1 Goblin Warchief
1 Hexing Squelcher
1 Hobgoblin Bandit Lord
1 Howlsquad Heavy
1 Changeling Berserker
1 Impulsive Pilferer
1 Infernal Plunge
1 Irencrag Feat
1 Jeska's Will
1 Kiki-Jiki, Mirror Breaker
1 Lazotep Quarry
1 Legion Loyalist
1 Lightning Crafter
1 Magus of the Moon
1 Mogg Fanatic
1 Mogg Raider
1 Mogg War Marshal
1 Mutavault
1 Pashalik Mons
1 Prismatic Vista
1 Pyretic Ritual
1 Pyroblast
1 Pyrokinesis
1 Ramunap Ruins
1 Reckless Lackey
1 Red Elemental Blast
1 Rite of Flame
1 Ruby Medallion
1 Rundvelt Hordemaster
1 Sandstone Needle
1 Scalding Tarn
1 Scuzzback Scrounger
1 Searslicer Goblin
1 Seething Song
1 Shinka, the Bloodsoaked Keep
1 Siege-Gang Commander
1 Simian Spirit Guide
1 Skirk Prospector
14 Snow-Covered Mountain
1 Sokenzan, Crucible of Defiance
1 Spider-Punk
1 Squee, Dubious Monarch
1 Stadium Headliner
1 Sundering Eruption
1 Talon Gates of Madara
1 Torch Courier
1 Twinshot Sniper
1 Urza's Incubator
1 Wily Goblin
1 Wooded Foothills",0
Karel Vápeník,,"Deadpool, Trading Card","1 Animate Dead
1 Arena of Glory
1 Arid Mesa
1 Badlands
1 Barrowgoyf
1 Blackcleave Cliffs
1 Blazemire Verge
1 Blightstep Pathway
1 Blood Crypt
1 Bloodstained Mire
1 Bloodtithe Harvester
1 Boggart Trawler
1 Bonecrusher Giant
1 Broadside Bombardiers
1 Cling to Dust
1 Command Tower
1 Crystal Vein
1 Dauthi Voidwalker
1 Demonic Tutor
1 Den of the Bugbear
1 Detective's Phoenix
1 Dismember
1 Dragon's Rage Channeler
1 Dragonskull Summit
1 Duress
1 Emperor of Bones
1 Fable of the Mirror-Breaker
1 Fatal Push
1 Fear of Missing Out
1 Fiery Confluence
1 Flame Slash
1 Fury
1 Galvanic Discharge
1 Ghost Vacuum
1 Ghostfire Slice
1 Graven Cairns
1 Grief
1 Haunted Ridge
1 Headliner Scarlett
1 Hexing Squelcher
1 Hive of the Eye Tyrant
1 Hymn to Tourach
1 Chain Lightning
1 Chaos Defiler
1 Inquisition of Kozilek
1 Inti, Seneschal of the Sun
1 Kellogg, Dangerous Mind
1 Kolaghan's Command
1 Kroxa, Titan of Death's Hunger
1 Laelia, the Blade Reforged
1 Lazotep Quarry
1 Lightning Bolt
1 Lightning Skelemental
1 Magus of the Moon
1 Malakir Rebirth
1 Marsh Flats
1 Molten Collapse
1 Mount Doom
1 Mountain
1 Nethergoyf
1 Oliphaunt
1 Opposition Agent
1 Orcish Bowmasters
1 Party Thrasher
1 Phyrexian Tower
1 Polluted Delta
1 Prismatic Vista
1 Pyrogoyf
1 Pyrokinesis
1 Raucous Theater
1 Red Elemental Blast
1 Reflecting Pool
1 Scalding Tarn
1 Screaming Nemesis
1 Seasoned Pyromancer
1 Sheoldred, the Apocalypse
1 Shinka, the Bloodsoaked Keep
1 Shizo, Death's Storehouse
1 Simian Spirit Guide
1 Snow-Covered Mountain
1 Snow-Covered Swamp
1 Sokenzan, Crucible of Defiance
1 Spider-Punk
1 Sulfurous Springs
1 Sundering Eruption
1 Swamp
1 Tainted Pact
1 Takenuma, Abandoned Mire
1 Terminate
1 Tersa Lightshatter
1 Thoughtseize
1 Tourach, Dread Cantor
1 Troll of Khazad-dum
1 Unearth
1 Unholy Heat
1 Untimely Malfunction
1 Urborg, Tomb of Yawgmoth
1 Verdant Catacombs
1 Wooded Foothills",0
Kryštof Nuc,,"Terra, Herald of Hope","1 Accursed Marauder
1 Ajani, Nacatl Pariah
1 Animate Dead
1 Arena of Glory
1 Arid Mesa
1 Badlands
1 Barrowgoyf
1 Blazemire Verge
1 Bleachbone Verge
1 Blood Crypt
1 Bloodstained Mire
1 Boggart Trawler
1 Broadside Bombardiers
1 Cathar Commando
1 Cecil, Dark Knight
1 City of Brass
1 Cloud, Midgar Mercenary
1 Command Tower
1 Cori-Steel Cutter
1 Dauthi Voidwalker
1 Demonic Tutor
1 Detective's Phoenix
1 Dismember
1 Dragon's Rage Channeler
1 Eiganjo, Seat of the Empire
1 Elegant Parlor
1 Emperor of Bones
1 Fable of the Mirror-Breaker
1 Fatal Push
1 Fear of Missing Out
1 Fell the Profane
1 Flooded Strand
1 Forth Eorlingas!
1 Fury
1 Galvanic Discharge
1 Ghost Vacuum
1 Godless Shrine
1 Grief
1 Guide of Souls
1 Hexing Squelcher
1 Inquisition of Kozilek
1 Kroxa, Titan of Death's Hunger
1 Lightning Bolt
1 Lion Sash
1 Malakir Rebirth
1 Mana Confluence
1 Marsh Flats
1 Mishra's Bauble
1 Moonshadow
1 Mother of Runes
1 Multiversal Passage
1 Nethergoyf
1 Ocelot Pride
1 Oliphaunt
1 Opposition Agent
1 Orcish Bowmasters
1 Overlord of the Balemurk
1 Parallax Wave
1 Phelia, Exuberant Shepherd
1 Phlage, Titan of Fire's Fury
1 Plains
1 Plateau
1 Polluted Delta
1 Pre-War Formalwear
1 Prismatic Ending
1 Pyrogoyf
1 Raucous Theater
1 Redirect Lightning
1 Reflecting Pool
1 Sacred Foundry
1 Scalding Tarn
1 Scrubland
1 Shadowy Backstreet
1 Skullclamp
1 Skyclave Apparition
1 Snuff Out
1 Solitude
1 Stalactite Stalker
1 Starting Town
1 Stoneforge Mystic
1 Street Wraith
1 Sunbillow Verge
1 Sundering Eruption
1 Super Shredder
1 Swords to Plowshares
1 Tainted Pact
1 Tarfire
1 Thoughtseize
1 Troll of Khazad-dum
1 Unearth
1 Unholy Heat
1 Urborg, Tomb of Yawgmoth
1 Urza's Bauble
1 Urza's Saga
1 Verdant Catacombs
1 Voice of Victory
1 Windswept Heath
1 Witch Enchanter
1 Wooded Foothills",0
Libor Šťastný,,"Cloud, Midgar Mercenary","1 Abandoned Air Temple
1 Ancient Den
1 Anointed Peacekeeper
1 Armageddon
1 Aven Interrupter
1 Benevolent Bodyguard
1 Burrenton Forge-Tender
1 Castle Ardenvale
1 Cathar Commando
1 Cid, Freeflier Pilot
1 City of Traitors
1 Crystal Vein
1 Disruptor Flute
1 Drannith Magistrate
1 Dust Bowl
1 Eiganjo Castle
1 Eiganjo, Seat of the Empire
1 Elite Spellbinder
1 Esper Sentinel
1 Ethersworn Canonist
1 Extraction Specialist
1 Flagstones of Trokair
1 Flickerwisp
1 Gemstone Caverns
1 Giver of Runes
1 Glimmer Lens
1 Guide of Souls
1 Helitrooper
1 Helping Hand
1 Jolted Awake
1 Lay Down Arms
1 Lion Sash
1 Mana Tithe
1 Masterwork of Ingenuity
1 Mirrex
1 Mother of Runes
1 Ocelot Pride
1 On Thin Ice
1 Oust
1 Parallax Wave
1 Path to Exile
1 Phelia, Exuberant Shepherd
1 Portable Hole
1 Pre-War Formalwear
1 Puresteel Paladin
1 Ranger-Captain of Eos
1 Recruiter of the Guard
1 Restoration Angel
1 Reverent Mantra
1 Sanctifier en-Vec
1 Seam Rip
1 Shadowspear
1 Sigarda's Aid
1 Skrelv, Defector Mite
1 Skullclamp
1 Skyclave Apparition
27 Snow-Covered Plains
1 Solitude
1 Spectacular Spider-Man
1 Springleaf Drum
1 Stoneforge Mystic
1 Swift Reconfiguration
1 Sword of Feast and Famine
1 Sword of Fire and Ice
1 Swords to Plowshares
1 Tectonic Edge
1 Thalia, Guardian of Thraben
1 Thalia, Heretic Cathar
1 Tithe Taker
1 Umezawa's Jitte
1 Urza's Saga
1 Voice of Victory
1 Witch Enchanter",0
Lubor Šída,,"Azusa, Lost but Seeking","1 Abstergo Entertainment
1 Adventurer's Inn
1 All Is Dust
1 Archdruid's Charm
1 Arid Archway
1 Ba Sing Se
1 Beast Within
1 Boseiju, Who Endures
1 Burgeoning
1 Castle Garenbrig
1 Conduit of Worlds
1 Courser of Kruphix
1 Crop Rotation
1 Crucible of Worlds
1 Crystal Vein
1 Dark Depths
1 Delighted Halfling
1 Disruptor Flute
1 Dust Bowl
1 Echoing Deeps
1 Eldrazi Temple
1 Elemental Teachings
1 Elvish Reclaimer
1 Emrakul, the Promised End
1 Emrakul, the World Anew
1 Endurance
1 Ensnaring Bridge
1 Expedition Map
1 Exploration
1 Eye of Ugin
1 Fabled Passage
9 Forest
1 Ghost Quarter
1 Gingerbread Cabin
1 Glacial Chasm
1 Green Sun's Zenith
1 Guildless Commons
1 Hickory Woodlot
1 Icetill Explorer
1 Kozilek's Command
1 Life from the Loam
1 Malevolent Rumble
1 Maze of Ith
1 Misty Rainforest
1 Mulch
1 Oblivion Stone
1 Oracle of Mul Daya
1 Petrified Field
1 Pit of Offerings
1 Planar Nexus
1 Primeval Titan
1 Prismatic Vista
1 Radiant Fountain
1 Realms Uncharted
1 Rishadan Port
1 Riveteers Overlook
1 Shifting Woodland
1 Sowing Mycospawn
1 Spatial Contortion
1 Stone of Erech
1 Summoner's Pact
1 Sylvan Library
1 Sylvan Scrying
1 Talon Gates of Madara
1 Tectonic Edge
1 Temple of the False God
1 Thespian's Stage
1 Titania's Command
1 Tree of Tales
1 Trinisphere
1 Ugin, Eye of the Storms
1 Ugin, the Spirit Dragon
1 Ulamog, the Ceaseless Hunger
1 Urborg, Tomb of Yawgmoth
1 Urza's Cave
1 Urza's Mine
1 Urza's Power Plant
1 Urza's Saga
1 Urza's Tower
1 Utopia Sprawl
1 Verdant Catacombs
1 Vesuva
1 Walk-In Closet // Forgotten Cellar
1 War Room
1 Wild Growth
1 Winding Way
1 Windswept Heath
1 Wooded Foothills
1 World Map
1 Worldly Tutor
1 Yavimaya, Cradle of Growth",0
Lukáš Pešek,,"Aragorn, King of Gondor","1 Aang, Swift Savior
1 Abhorrent Oculus
1 Ajani, Nacatl Pariah
1 Arena of Glory
1 Arid Mesa
1 Bloodstained Mire
1 Brainstorm
1 Brazen Borrower
1 Cathar Commando
1 Command Tower
1 Containment Priest
1 Counterspell
1 Daze
1 Deserted Beach
1 Detective's Phoenix
1 Eiganjo, Seat of the Empire
1 Elegant Parlor
1 Faerie Mastermind
1 Flame Slash
1 Flooded Strand
1 Floodfarm Verge
1 Force of Negation
1 Force Spike
1 Forth Eorlingas!
1 Fury
1 Galvanic Discharge
1 Gitaxian Probe
1 Glacial Fortress
1 Hallowed Fountain
1 Hullbreacher
1 Chain Lightning
1 Change the Equation
2 Island
1 Lightning Bolt
1 Lorien Revealed
1 Lose Focus
1 Malcolm, Alluring Scoundrel
1 Mana Leak
1 Mana Tithe
1 March of Otherworldly Light
1 Marsh Flats
1 Memory Lapse
1 Mental Misstep
1 Meticulous Archive
1 Misty Rainforest
1 Mountain
1 No More Lies
1 Ocelot Pride
1 Oliphaunt
1 Otawara, Soaring City
1 Oust
1 Parallax Wave
1 Phelia, Exuberant Shepherd
1 Phlage, Titan of Fire's Fury
1 Plains
1 Plateau
1 Polluted Delta
1 Prismatic Ending
1 Prismatic Vista
1 Pyrogoyf
1 Reflecting Pool
1 Remand
1 Reprieve
1 Riverpyre Verge
1 Sacred Foundry
1 Scalding Tarn
1 Seachrome Coast
1 Simian Spirit Guide
1 Skyclave Apparition
1 Snapcaster Mage
1 Solitude
1 Spectacular Spider-Man
1 Spell Snare
1 Spirebluff Canal
1 Starting Town
1 Steam Vents
1 Stern Scolding
1 Stifle
1 Stormcarved Coast
1 Subtlety
1 Sulfur Falls
1 Sunbillow Verge
1 Swift Reconfiguration
1 Swords to Plowshares
1 Tale's End
1 Teferi, Time Raveler
1 Thundering Falls
1 Tishana's Tidebinder
1 True-Name Nemesis
1 Tundra
1 Unholy Heat
1 Vendilion Clique
1 Volcanic Island
1 Wan Shi Tong, Librarian
1 Wash Away
1 Windswept Heath
1 Witch Enchanter
1 Wooded Foothills",1
Lukáš Pokorný,,"Cloud, Midgar Mercenary","1 Ancient Den
1 Anointed Peacekeeper
1 Benevolent Bodyguard
1 Burrenton Forge-Tender
1 Castle Ardenvale
1 Cataclysm
1 Cathar Commando
1 Cid, Freeflier Pilot
1 Doomed Traveler
1 Drannith Magistrate
1 Elite Spellbinder
1 Esper Sentinel
1 Ethersworn Canonist
1 Flowering of the White Tree
1 Forge Anew
1 Frodo, Determined Hero
1 Garrison Cat
1 Giver of Runes
1 Glimmer Lens
1 Guide of Souls
1 Helitrooper
1 Helping Hand
1 Hunted Witness
1 Jacked Rabbit
1 Lay Down Arms
1 Lion Sash
1 Loran of the Third Path
1 March of Otherworldly Light
1 Masterwork of Ingenuity
1 Minas Tirith
1 Mother of Runes
1 Ocelot Pride
1 On Thin Ice
1 Oust
1 Parallax Wave
1 Phelia, Exuberant Shepherd
1 Portable Hole
1 Pre-War Formalwear
1 Puresteel Paladin
1 Ranger-Captain of Eos
1 Razorgrass Ambush
1 Recruiter of the Guard
1 Seam Rip
1 Sejiri Shelter
1 Selfless Spirit
1 Sigarda's Aid
1 Skrelv, Defector Mite
1 Skullclamp
1 Skyclave Apparition
35 Snow-Covered Plains
1 Solitude
1 Springleaf Drum
1 Stoneforge Mystic
1 Swift Reconfiguration
1 Sword of Feast and Famine
1 Sword of Fire and Ice
1 Sword of War and Peace
1 Swords to Plowshares
1 Tectonic Edge
1 Thalia, Heretic Cathar
1 Tithe Taker
1 Umezawa's Jitte
1 Voice of Victory
1 Winter Moon
1 Witch Enchanter",0
Marek Majer,,"Tasigur, the Golden Fang","1 Abrupt Decay
1 Archmage's Charm
1 Auroral Procession
1 Bad River
1 Bayou
1 Bloodchief's Thirst
1 Bloodstained Mire
1 Boseiju, Who Endures
1 Brainstorm
1 Brainsurge
1 Breeding Pool
1 Cactus Preserve
1 Cling to Dust
1 Command Tower
1 Consider
1 Consult the Star Charts
1 Counterspell
1 Cremate
1 Cryptic Command
1 Cut Down
1 Damnation
1 Darkslick Shores
1 Daze
1 Demonic Consultation
1 Demonic Tutor
1 Dismember
1 Drown in the Loch
1 Drowned Catacomb
1 Fatal Push
1 Fire Nation Occupation
1 Flood Plain
1 Flooded Strand
1 Force of Negation
1 Force Spike
1 Gitaxian Probe
1 Gloomlake Verge
1 Hedge Maze
1 Heritage Reclamation
1 Hinterland Harbor
1 Hullbreaker Horror
1 Change the Equation
1 Island
1 Jace, Wielder of Mysteries
1 Languish
1 Long Goodbye
1 Lorien Revealed
1 Lose Focus
1 Mana Leak
1 Marsh Flats
1 Maze of Ith
1 Memory Lapse
1 Mental Misstep
1 Mental Note
1 Miscalculation
1 Misty Rainforest
1 Mystic Confluence
1 Mystic Sanctuary
1 Neoform
1 Otawara, Soaring City
1 Polluted Delta
1 Ponder
1 Preordain
1 Prismatic Vista
1 Psychic Frog
1 Rakshasa's Bargain
1 Reflecting Pool
1 Remand
1 Requiting Hex
1 River of Tears
1 Sauron's Ransom
1 Scalding Tarn
1 Shipwreck Marsh
1 Snow-Covered Island
1 Spell Snare
1 Stern Scolding
1 Stubborn Denial
1 Subtlety
1 Sunken Ruins
1 Swamp
1 Tainted Pact
1 Tale's End
1 Tamiyo, Inquisitive Student
1 Thought Scour
1 Thoughtseize
1 Toxic Deluge
1 Tropical Island
1 Undercity Sewers
1 Underground Mortuary
1 Underground River
1 Underground Sea
1 Verdant Catacombs
1 Wan Shi Tong, Librarian
1 Wash Away
1 Waterlogged Teachings
1 Watery Grave
1 Wilderness Reclamation
1 Willowrush Verge
1 Windswept Heath
1 Wooded Foothills",0
Marek Voráček,,"Deadpool, Trading Card","1 Animate Dead
1 Arena of Glory
1 Archon of Cruelty
1 Arid Mesa
1 Badlands
1 Barrowgoyf
1 Blackcleave Cliffs
1 Blazemire Verge
1 Blood Crypt
1 Bloodstained Mire
1 Bloodtithe Harvester
1 Boggart Trawler
1 Broadside Bombardiers
1 Buried Alive
1 Burnt Offering
1 Cabal Ritual
1 Cabal Therapy
1 City of Traitors
1 Collective Brutality
1 Command Tower
1 Corpse Dance
1 Crystal Vein
1 Culling the Weak
1 Currency Converter
1 Dance of the Dead
1 Dauthi Voidwalker
1 Demonic Counsel
1 Demonic Tutor
1 Desperate Ritual
1 Detective's Phoenix
1 Dread Fugue
1 Duress
1 Dwarven Ruins
1 Ebon Stronghold
1 Emperor of Bones
1 Exhume
1 Fable of the Mirror-Breaker
1 Faithless Looting
1 Fatal Push
1 Fear of Missing Out
1 Fury
1 Gemstone Caverns
1 Graven Cairns
1 Grief
1 Hoarding Broodlord
1 Chaos Defiler
1 Inquisition of Kozilek
1 Kroxa, Titan of Death's Hunger
1 Lake of the Dead
1 Lightning Bolt
1 Lively Dirge
1 Magus of the Moon
1 Malakir Rebirth
1 Marsh Flats
1 Mausoleum Secrets
1 Metamorphosis Fanatic
1 Mountain
1 Multiversal Passage
1 Necromancy
1 Oliphaunt
1 Opposition Agent
1 Orcish Bowmasters
1 Peat Bog
1 Persist
1 Phyrexian Tower
1 Pinnacle Monk
1 Polluted Delta
1 Prismatic Vista
1 Profane Tutor
1 Pyretic Ritual
1 Pyrogoyf
1 Raucous Theater
1 Recurring Nightmare
1 Rite of Flame
1 Sandstone Needle
1 Saw in Half
1 Scalding Tarn
1 Shallow Grave
1 Simian Spirit Guide
2 Snow-Covered Swamp
1 Sulfurous Springs
2 Swamp
1 Tainted Pact
1 Takenuma, Abandoned Mire
1 Tersa Lightshatter
1 Thoughtseize
1 Tokka & Rahzar, Terrible Twos
1 Troll of Khazad-dum
1 Unmarked Grave
1 Unmask
1 Urborg, Tomb of Yawgmoth
1 Verdant Catacombs
1 Wishclaw Talisman
1 Wooded Foothills
1 Word of Command
1 Worldgorger Dragon
1 Zuko, Conflicted",0
Martin Czech,,"Kroxa, Titan of Death's Hunger","1 Abrade
1 Altar of Dementia
1 Angrath's Rampage
1 Animate Dead
1 Anje's Ravager
1 Arena of Glory
1 Arid Mesa
1 Ash Barrens
1 Badlands
1 Barrowgoyf
1 Bitter Reunion
1 Blackcleave Cliffs
1 Blightstep Pathway
1 Blood Crypt
1 Bloodstained Mire
1 Bloodtithe Harvester
1 Bojuka Bog
1 Bone Shards
1 Bonecrusher Giant
1 Buried Alive
1 Castle Locthwain
1 Caustic Bronco
1 Command Tower
1 Corpse Explosion
1 Damnation
1 Dance of the Dead
1 Dark Confidant
1 Dauthi Voidwalker
1 Deadpool, Trading Card
1 Demonic Tutor
1 Dragon's Rage Channeler
1 Dragonskull Summit
1 Duress
1 Fable of the Mirror-Breaker
1 Faithless Looting
1 Fatal Push
1 Fear of Missing Out
1 Flame Slash
1 Fury
1 Graven Cairns
1 Graveyard Trespasser
1 Haunted Ridge
1 Hymn to Tourach
1 Chain Lightning
1 Chaos Defiler
1 Inquisition of Kozilek
1 Inti, Seneschal of the Sun
1 Kolaghan's Command
1 Laelia, the Blade Reforged
1 Lightning Axe
1 Lightning Bolt
1 Lightning Skelemental
1 Liliana of the Veil
1 Lithomantic Barrage
1 Magus of the Moon
1 Marsh Flats
1 Mausoleum Secrets
1 Mount Doom
4 Mountain
1 Necromancy
1 Nihil Spellbomb
1 Oliphaunt
1 Orcish Bowmasters
1 Party Thrasher
1 Phyrexian Tower
1 Polluted Delta
1 Poxwalkers
1 Prismatic Vista
1 Profane Tutor
1 Pyroblast
1 Raucous Theater
1 Scalding Tarn
1 Seasoned Pyromancer
1 Sheoldred, the Apocalypse
1 Shizo, Death's Storehouse
1 Skyfire Phoenix
1 Sokenzan, Crucible of Defiance
1 Stitcher's Supplier
1 Sulfurous Springs
1 Sundering Eruption
1 Sundial of the Infinite
7 Swamp
1 Tersa Lightshatter
1 Tourach, Dread Cantor
1 Troll of Khazad-dum
1 Unmarked Grave
1 Urborg, Tomb of Yawgmoth
1 Verdant Catacombs
1 Wooded Foothills
1 Worldgorger Dragon",0
Martin Kasalý,,"Kefka, Court Mage // Kefka, Ruler of Ruin","1 Abrade
1 Anger
1 Animate Dead
1 Arena of Glory
1 Arid Mesa
1 Badlands
1 Baleful Strix
1 Barrowgoyf
1 Blackcleave Cliffs
1 Blazemire Verge
1 Blood Crypt
1 Bloodstained Mire
1 Brainstorm
1 Brazen Borrower
1 Cling to Dust
1 Command Tower
1 Consult the Star Charts
1 Counterspell
1 Cut Down
1 Damnation
1 Darkslick Shores
1 Demonic Tutor
1 Detective's Phoenix
1 Dismember
1 Drown in the Loch
1 Duress
1 Emperor of Bones
1 Fatal Push
1 Fear of Missing Out
1 Flame of Anor
1 Flooded Strand
1 Force of Negation
1 Force Spike
1 Fury
1 Galvanic Discharge
1 Gloomlake Verge
1 Grief
1 Heartless Summoning
1 Hexing Squelcher
1 Inquisition of Kozilek
1 Island
1 Lightning Bolt
1 Lorien Revealed
1 Lose Focus
1 Mana Leak
1 Marsh Flats
1 Memory Lapse
1 Mental Misstep
1 Mistrise Village
1 Misty Rainforest
1 Mountain
1 Nethergoyf
1 Opposition Agent
1 Orcish Bowmasters
1 Otawara, Soaring City
1 Parallax Tide
1 Polluted Delta
1 Ponder
1 Preordain
1 Prismatic Vista
1 Psychic Frog
1 Pyrogoyf
1 Raucous Theater
1 Remand
1 Requiting Hex
1 Riverpyre Verge
1 Sauron's Ransom
1 Scalding Tarn
1 Sheoldred's Edict
1 Shipwreck Marsh
1 Sink into Stupor
1 Snapcaster Mage
1 Spell Snare
1 Spirebluff Canal
1 Starting Town
1 Steam Vents
1 Stern Scolding
1 Stifle
1 Stormcarved Coast
1 Subtlety
1 Swamp
1 Tainted Pact
1 Takenuma, Abandoned Mire
1 Tale's End
1 Terminate
1 Thoughtseize
1 Thundering Falls
1 Tishana's Tidebinder
1 Toxic Deluge
1 Troll of Khazad-dum
1 Undercity Sewers
1 Underground River
1 Underground Sea
1 Unholy Heat
1 Verdant Catacombs
1 Volcanic Island
1 Wash Away
1 Watery Grave
1 Wooded Foothills",1
Martin Okruhlica,,"Aang, Swift Savior // Aang and La, Ocean's Fury","1 Adarkar Wastes
1 Agna Qel'a
1 Arid Mesa
1 Aven Interrupter
1 Brainstorm
1 Brainsurge
1 Castle Ardenvale
1 Cathar Commando
1 Command Tower
1 Consult the Star Charts
1 Containment Priest
1 Counterspell
1 Cryptic Command
1 Daze
1 Deserted Beach
1 Drannith Magistrate
1 Eiganjo Castle
1 Eiganjo, Seat of the Empire
1 Enlightened Tutor
1 Flooded Strand
1 Floodfarm Verge
1 Force of Negation
1 Force Spike
1 Gilded Drake
1 Gitaxian Probe
1 Glacial Fortress
1 Hallowed Fountain
1 Harbinger of the Seas
1 Helm of Obedience
1 Hengegate Pathway
1 Hullbreacher
1 Change the Equation
1 Lorien Revealed
1 Lose Focus
1 Mana Leak
1 Mana Tithe
1 Memory Lapse
1 Mental Misstep
1 Meticulous Archive
1 Misty Rainforest
1 Mother of Runes
1 Multiversal Passage
1 Mystic Gate
1 Mystic Sanctuary
1 No More Lies
1 Ocelot Pride
1 On Thin Ice
1 Otawara, Soaring City
1 Oust
1 Palace Jailer
1 Parallax Wave
1 Phelia, Exuberant Shepherd
1 Polluted Delta
1 Ponder
1 Portable Hole
1 Preordain
1 Prismatic Vista
1 Razorgrass Ambush
1 Reflecting Pool
1 Remand
1 Reprieve
1 Rest in Peace
1 Restless Anchorage
1 Samwise the Stouthearted
1 Scalding Tarn
1 Seachrome Coast
1 Seam Rip
1 Shorikai, Genesis Engine
1 Sink into Stupor
1 Skyclave Apparition
1 Snapcaster Mage
7 Snow-Covered Island
3 Snow-Covered Plains
1 Solitude
1 Spectacular Spider-Man
1 Spell Snare
1 Stern Scolding
1 Stifle
1 Subtlety
1 Swift Reconfiguration
1 Swords to Plowshares
1 Tale's End
1 Teferi, Time Raveler
1 The Wandering Emperor
1 Tishana's Tidebinder
1 Tundra
1 Voice of Victory
1 Wan Shi Tong, Librarian
1 Wash Away
1 Windswept Heath
1 Witch Enchanter",0
Martin Vlnas,,"Phelia, Exuberant Shepherd","1 Aang's Iceberg
1 Abandoned Air Temple
1 Ancient Den
1 Anointed Peacekeeper
1 Benevolent Bodyguard
1 Blade Splicer
1 Burrenton Forge-Tender
1 Cataclysm
1 Cathar Commando
1 City of Traitors
1 Cloud, Midgar Mercenary
1 Containment Priest
1 Crystal Vein
1 Disruptor Flute
1 Drannith Magistrate
1 Dust Bowl
1 Eiganjo Castle
1 Eiganjo, Seat of the Empire
1 Elite Spellbinder
1 Enlightened Tutor
1 Ephemerate
1 Esper Sentinel
1 Flagstones of Trokair
1 Flickerwisp
1 Gemstone Caverns
1 Get Lost
1 Ghost Vacuum
1 Giver of Runes
1 Glimmer Lens
1 Guide of Souls
1 Lazotep Quarry
1 Lion Sash
1 Loran of the Third Path
1 Mana Tithe
1 Mother of Runes
1 Ocelot Pride
1 On Thin Ice
1 Oust
1 Overlord of the Mistmoors
1 Parallax Wave
1 Portable Hole
1 Pre-War Formalwear
1 Ranger-Captain of Eos
1 Razorgrass Ambush
1 Recruiter of the Guard
1 Reprieve
1 Rest in Peace
1 Reverent Mantra
1 Rishadan Port
1 Samwise the Stouthearted
1 Sanctifier en-Vec
1 Scavenger Grounds
1 Seam Rip
1 Seasoned Dungeoneer
1 Shining Shoal
1 Skrelv, Defector Mite
1 Skullclamp
1 Skyclave Apparition
24 Snow-Covered Plains
1 Solitude
1 Spectacular Spider-Man
1 Staff of the Storyteller
1 Starfield Shepherd
1 Static Prison
1 Steel Seraph
1 Stoneforge Mystic
1 Swift Reconfiguration
1 Swords to Plowshares
1 Talon Gates of Madara
1 Tectonic Edge
1 Thalia, Guardian of Thraben
1 The Wandering Emperor
1 Umezawa's Jitte
1 Urza's Saga
1 Voice of Victory
1 Witch Enchanter",0
Matěj Malý,,"Tasigur, the Golden Fang","1 Abrupt Decay
1 Archmage's Charm
1 Bayou
1 Bloodstained Mire
1 Boseiju, Who Endures
1 Brainstorm
1 Brainsurge
1 Breeding Pool
1 Cactus Preserve
1 Cling to Dust
1 Command Tower
1 Consider
1 Consult the Star Charts
1 Cosmogoyf
1 Counterspell
1 Creeping Tar Pit
1 Cryptic Command
1 Cut Down
1 Damnation
1 Darkslick Shores
1 Daze
1 Demonic Consultation
1 Demonic Tutor
1 Dismember
1 Drown in the Loch
1 Drowned Catacomb
1 Fatal Push
1 Fire Nation Occupation
1 Flooded Strand
1 Force of Negation
1 Force Spike
1 Gitaxian Probe
1 Gloomlake Verge
1 Hedge Maze
1 Hinterland Harbor
1 Hullbreaker Horror
1 Inquisition of Kozilek
1 Island
1 Jace, Wielder of Mysteries
1 Long Goodbye
1 Lorien Revealed
1 Lose Focus
1 Mana Leak
1 Marsh Flats
1 Memory Lapse
1 Mental Misstep
1 Mental Note
1 Mistrise Village
1 Misty Rainforest
1 Mystic Confluence
1 Mystic Sanctuary
1 Neoform
1 Oko, Thief of Crowns
1 Opposition Agent
1 Orcish Bowmasters
1 Otawara, Soaring City
1 Polluted Delta
1 Ponder
1 Preordain
1 Prismatic Vista
1 Psychic Frog
1 Rakshasa's Bargain
1 Reflecting Pool
1 Remand
1 Requiting Hex
1 River of Tears
1 Sauron's Ransom
1 Scalding Tarn
1 Shipwreck Marsh
1 Sink into Stupor
1 Snapcaster Mage
1 Snow-Covered Island
1 Spell Pierce
1 Spell Snare
1 Stern Scolding
1 Stock Up
1 Stubborn Denial
1 Subtlety
1 Sunken Ruins
1 Swamp
1 Tainted Pact
1 Takenuma, Abandoned Mire
1 Tale's End
1 Tamiyo, Inquisitive Student
1 Thought Scour
1 Thoughtseize
1 Toxic Deluge
1 Tropical Island
1 Undercity Sewers
1 Underground Mortuary
1 Underground Sea
1 Verdant Catacombs
1 Wan Shi Tong, Librarian
1 Wash Away
1 Waterlogged Teachings
1 Watery Grave
1 Willowrush Verge
1 Windswept Heath
1 Wooded Foothills",0
Max Bobrovský,,Spider-Man 2099,"1 Abhorrent Oculus
1 Agna Qel'a
1 Arena of Glory
1 Arid Mesa
1 Bloodstained Mire
1 Bonecrusher Giant
1 Brainstorm
1 Brainsurge
1 Brazen Borrower
1 Burst Lightning
1 Cascade Bluffs
1 Clout of the Dominus
1 Command Tower
1 Consult the Star Charts
1 Cori Mountain Monastery
1 Cori-Steel Cutter
1 Counterspell
1 Daze
1 Detective's Phoenix
1 Dragon's Rage Channeler
1 Expressive Iteration
1 Faerie Mastermind
1 Fear of Missing Out
1 Fiery Islet
1 Fire // Ice
1 Flame of Anor
1 Flame Slash
1 Flooded Strand
1 Force of Negation
1 Force Spike
1 Fury
1 Galvanic Discharge
1 Ghostfire Slice
1 Gitaxian Probe
1 Harbinger of the Seas
1 Chain Lightning
1 Change the Equation
1 Intuition
5 Island
1 Lightning Bolt
1 Lorien Revealed
1 Lose Focus
1 Magus of the Moon
1 Malcolm, Alluring Scoundrel
1 Mana Leak
1 Memory Deluge
1 Memory Lapse
1 Mental Misstep
1 Miscalculation
1 Mistrise Village
1 Misty Rainforest
2 Mountain
1 Multiversal Passage
1 Murktide Regent
1 Oliphaunt
1 Opal Palace
1 Otawara, Soaring City
1 Peek
1 Polluted Delta
1 Ponder
1 Preordain
1 Prismatic Vista
1 Pyrogoyf
1 Pyrokinesis
1 Reckless Charge
1 Remand
1 Riverglide Pathway
1 Riverpyre Verge
1 Scalding Tarn
1 Shivan Reef
1 Sink into Stupor
1 Snapcaster Mage
1 Spell Pierce
1 Spell Snare
1 Spirebluff Canal
1 Steam Vents
1 Stern Scolding
1 Stock Up
1 Stormcarved Coast
1 Subtlety
1 Sulfur Falls
1 Sundering Eruption
1 Swarmyard
1 Tale's End
1 Thundering Falls
1 Tishana's Tidebinder
1 True-Name Nemesis
1 Unholy Heat
1 Vendilion Clique
1 Volcanic Island
1 Wan Shi Tong, Librarian
1 Wash Away
1 Wild Ride
1 Wooded Foothills",0
Michal Hrubý,,Elminster,"1 Agna Qel'a
1 Archmage's Charm
1 Arid Mesa
1 Azorius Chancery
1 Brainstorm
1 Brainsurge
1 Cactus Preserve
1 Castle Ardenvale
1 Command Tower
1 Condemn
1 Consult the Star Charts
1 Counterspell
1 Cryptic Command
1 Day of Judgment
1 Demolition Field
1 Deserted Beach
1 Dovin's Veto
1 Eiganjo, Seat of the Empire
1 Exclude
1 Fact or Fiction
1 Farewell
1 Field of Ruin
1 Flooded Strand
1 Floodfarm Verge
1 Force of Negation
1 Force Spike
1 Fountainport
1 Get Lost
1 Glacial Fortress
1 Hall of Storm Giants
1 Hallowed Fountain
1 Irrigated Farmland
6 Island
1 Jace, the Mind Sculptor
1 Logic Knot
1 Lorien Revealed
1 Lose Focus
1 Mana Leak
1 Mana Tithe
1 March of Otherworldly Light
1 Marsh Flats
1 Memory Lapse
1 Mental Misstep
1 Meticulous Archive
1 Mirrex
1 Miscalculation
1 Mistrise Village
1 Misty Rainforest
1 Mystic Confluence
1 Mystic Gate
1 Mystic Sanctuary
1 No More Lies
1 Otawara, Soaring City
1 Oust
1 Phyrexian Furnace
1 Pinnacle Starcage
3 Plains
1 Polluted Delta
1 Ponder
1 Prairie Stream
1 Preordain
1 Prismatic Vista
1 Relic of Progenitus
1 Remand
1 Reprieve
1 Rest in Peace
1 Scalding Tarn
1 Shorikai, Genesis Engine
1 Snapcaster Mage
1 Solitude
1 Spell Snare
1 Stern Scolding
1 Stock Up
1 Subtlety
1 Sunken Citadel
1 Supreme Verdict
1 Swords to Plowshares
1 Tale's End
1 Teferi, Hero of Dominaria
1 Teferi, Time Raveler
1 Temple of the False God
1 Temporary Lockdown
1 Terminus
1 The Wandering Emperor
1 Three Steps Ahead
1 Tithe
1 Tundra
1 Unexpectedly Absent
1 Wash Away
1 Windswept Heath
1 Wrath of God
1 Wrath of the Skies",0
Michal Krkavec,,"Prossh, Skyraider of Kher","1 Abrupt Decay
1 Abundant Countryside
1 Arbor Elf
1 Arcane Signet
1 Arena of Glory
1 Arid Mesa
1 Badgermole Cub
1 Badlands
1 Bayou
1 Birds of Paradise
1 Blazemire Verge
1 Blood Crypt
1 Bloodstained Mire
1 Bojuka Bog
1 Boreal Druid
1 Boseiju, Who Endures
1 Broadside Bombardiers
1 City of Traitors
1 Coalition Relic
1 Command Tower
1 Commercial District
1 Crystal Vein
1 Culling the Weak
1 Deathrite Shaman
1 Delighted Halfling
1 Demonic Tutor
1 Domri, Anarch of Bolas
1 Dryad Arbor
1 Eldritch Evolution
1 Elves of Deep Shadow
1 Elvish Mystic
1 Endurance
1 Enduring Courage
1 Fatal Push
1 Fertile Ground
1 Finale of Devastation
1 Flare of Cultivation
1 Forest
1 Formidable Speaker
1 Frenzied Baloth
1 Fury
1 Fyndhorn Elves
1 Goblin Bombardment
1 Green Sun's Zenith
1 Grist, the Hunger Tide
1 Hit // Run
1 Chaos Defiler
1 Chord of Calling
1 Ignoble Hierarch
1 Karplusan Forest
1 Lightning Bolt
1 Llanowar Elves
1 Llanowar Wastes
1 Marionette Apprentice
1 Marsh Flats
1 Mawloc
1 Mayhem Devil
1 Mind Twist
1 Minsc & Boo, Timeless Heroes
1 Misty Rainforest
1 Mountain
1 Nature's Lore
1 Nature's Rhythm
1 Orcish Bowmasters
1 Overgrown Tomb
1 Phyrexian Tower
1 Polluted Delta
1 Primeval Titan
1 Prismatic Vista
1 Sakura-Tribe Elder
1 Scalding Tarn
1 Sephiroth, Fabled SOLDIER
1 Shadow in the Warp
1 Shared Animosity
1 Shifting Woodland
1 Skullclamp
1 Snow-Covered Forest
1 Sowing Mycospawn
1 Stomping Ground
1 Swamp
1 Sylvan Caryatid
1 Taiga
1 Tainted Pact
1 The Meathook Massacre
1 Thornspire Verge
1 Three Visits
1 Tinder Wall
1 Underground Mortuary
1 Utopia Sprawl
1 Verdant Catacombs
1 Wall of Roots
1 Wastewood Verge
1 Westvale Abbey
1 Wight of the Reliquary
1 Wild Growth
1 Windswept Heath
1 Wooded Foothills
1 Yavimaya, Cradle of Growth
1 Yawgmoth, Thran Physician",0
Michal Mendl,,"Aang, Swift Savior // Aang and La, Ocean's Fury","1 Adarkar Wastes
1 Arid Mesa
1 Aven Interrupter
1 Brainstorm
1 Brazen Borrower
1 Cathar Commando
1 Command Tower
1 Consult the Star Charts
1 Counterspell
1 Cryptic Command
1 Daze
1 Dennick, Pious Apprentice
1 Deserted Beach
1 Drannith Magistrate
1 Eiganjo Castle
1 Eiganjo, Seat of the Empire
1 Enduring Curiosity
1 Ephemerate
1 Faerie Mastermind
1 Flooded Strand
1 Floodfarm Verge
1 Force of Negation
1 Force Spike
1 Gitaxian Probe
1 Glacial Fortress
1 Hallowed Fountain
1 Harbinger of the Seas
1 Hengegate Pathway
1 Lorien Revealed
1 Lose Focus
1 Malcolm, Alluring Scoundrel
1 Mana Leak
1 Mana Tithe
1 Marsh Flats
1 Memory Lapse
1 Mental Misstep
1 Meticulous Archive
1 Misty Rainforest
1 Mother of Runes
1 Mystic Gate
1 Mystic Sanctuary
1 No More Lies
1 Ocelot Pride
1 On Thin Ice
1 Otawara, Soaring City
1 Oust
1 Palace Jailer
1 Parallax Wave
1 Phelia, Exuberant Shepherd
1 Pippin, Guard of the Citadel
1 Polluted Delta
1 Ponder
1 Portable Hole
1 Preordain
1 Prismatic Vista
1 Quantum Riddler
1 Razorgrass Ambush
1 Reflecting Pool
1 Remand
1 Reprieve
1 Restless Anchorage
1 Restoration Angel
1 Scalding Tarn
1 Seachrome Coast
1 Seam Rip
1 Shorikai, Genesis Engine
1 Sink into Stupor
1 Skyclave Apparition
1 Snapcaster Mage
7 Snow-Covered Island
4 Snow-Covered Plains
1 Solitude
1 Spectacular Spider-Man
1 Spell Queller
1 Spell Snare
1 Stern Scolding
1 Subtlety
1 Swift Reconfiguration
1 Swords to Plowshares
1 Tale's End
1 Teferi, Time Raveler
1 The Wandering Emperor
1 Tishana's Tidebinder
1 Tundra
1 Vendilion Clique
1 Voice of Victory
1 Wan Shi Tong, Librarian
1 Wash Away
1 Windswept Heath
1 Witch Enchanter",0
Milan Kopáček,,Lurrus of the Dream-Den,"1 Accursed Marauder
1 Animate Dead
1 Arid Mesa
1 Barrowgoyf
1 Bleachbone Verge
1 Bloodstained Mire
1 Boggart Trawler
1 Brightclimb Pathway
1 Cathar Commando
1 Caves of Koilos
1 Cloud, Midgar Mercenary
1 Command Tower
1 Concealed Courtyard
1 Cut Down
1 Damn
1 Dauthi Voidwalker
1 Deep-Cavern Bat
1 Demonic Tutor
1 Dismember
1 Drannith Magistrate
1 Duress
1 Eiganjo, Seat of the Empire
1 Emperor of Bones
1 Emptiness
1 Executioner's Capsule
1 Fatal Push
1 Fetid Heath
1 Flagstones of Trokair
1 Flooded Strand
1 Force of Despair
1 Giver of Runes
1 Godless Shrine
1 Great Arashin City
1 Grief
1 Guide of Souls
1 Helping Hand
1 Hymn to Tourach
1 Inquisition of Kozilek
1 Isolated Chapel
1 Lazotep Quarry
1 Lion Sash
1 Long Goodbye
1 Malakir Rebirth
1 March of Otherworldly Light
1 Marsh Flats
1 Mind Twist
1 Mishra's Bauble
1 Momentum Breaker
1 Mother of Runes
1 Necrogen Spellbomb
1 Nethergoyf
1 Nihil Spellbomb
1 Ocelot Pride
1 Opposition Agent
1 Orcish Bowmasters
1 Oust
1 Parallax Wave
1 Phelia, Exuberant Shepherd
1 Phyrexian Furnace
1 Phyrexian Tower
1 Polluted Delta
1 Pre-War Formalwear
1 Prismatic Vista
1 Reflecting Pool
1 Reprieve
1 Requiting Hex
1 Samwise the Stouthearted
1 Scrubland
1 Seam Rip
1 Shadowy Backstreet
1 Shattered Sanctum
1 Silent Clearing
1 Skullclamp
1 Skyclave Apparition
3 Snow-Covered Plains
4 Snow-Covered Swamp
1 Solitude
1 Soul-Guide Lantern
1 Spectacular Spider-Man
1 Spymaster's Vault
1 Sudden Edict
1 Swords to Plowshares
1 Takenuma, Abandoned Mire
1 Thoughtseize
1 Tidehollow Sculler
1 Tourach, Dread Cantor
1 Unearth
1 Urborg, Tomb of Yawgmoth
1 Urza's Bauble
1 Urza's Saga
1 Verdant Catacombs
1 Voice of Victory
1 Windswept Heath
1 Witch Enchanter",0
Miroslav Kalina,,"Phelia, Exuberant Shepherd","1 Aang's Iceberg
1 Abandoned Air Temple
1 Ancient Den
1 Anointed Peacekeeper
1 Benevolent Bodyguard
1 Blade Splicer
1 Burrenton Forge-Tender
1 Cataclysm
1 Cathar Commando
1 City of Traitors
1 Cloud, Midgar Mercenary
1 Containment Priest
1 Crystal Vein
1 Disruptor Flute
1 Drannith Magistrate
1 Dust Bowl
1 Eiganjo Castle
1 Eiganjo, Seat of the Empire
1 Elite Spellbinder
1 Enlightened Tutor
1 Ephemerate
1 Esper Sentinel
1 Flagstones of Trokair
1 Flickerwisp
1 Gemstone Caverns
1 Get Lost
1 Ghost Vacuum
1 Giver of Runes
1 Glimmer Lens
1 Guide of Souls
1 Lion Sash
1 Loran of the Third Path
1 Mana Tithe
1 Mother of Runes
1 Ocelot Pride
1 On Thin Ice
1 Ossification
1 Oust
1 Overlord of the Mistmoors
1 Parallax Wave
1 Portable Hole
1 Pre-War Formalwear
1 Ranger of Eos
1 Ranger-Captain of Eos
1 Razorgrass Ambush
1 Recruiter of the Guard
1 Reprieve
1 Reverent Mantra
1 Rishadan Port
1 Samwise the Stouthearted
1 Sanctifier en-Vec
1 Seam Rip
1 Seasoned Dungeoneer
1 Skrelv, Defector Mite
1 Skullclamp
1 Skyclave Apparition
26 Snow-Covered Plains
1 Solitude
1 Spectacular Spider-Man
1 Staff of the Storyteller
1 Starfield Shepherd
1 Static Prison
1 Steel Seraph
1 Stoneforge Mystic
1 Swift Reconfiguration
1 Swords to Plowshares
1 Talon Gates of Madara
1 Tangle Wire
1 Tectonic Edge
1 Thalia, Guardian of Thraben
1 Umezawa's Jitte
1 Urza's Saga
1 Voice of Victory
1 Witch Enchanter",1
Miroslav Váňa,,"Prossh, Skyraider of Kher","1 Abrupt Decay
1 Arbor Elf
1 Arcane Signet
1 Arena of Glory
1 Arid Mesa
1 Badgermole Cub
1 Badlands
1 Bayou
1 Birds of Paradise
1 Blazemire Verge
1 Blood Artist
1 Blood Crypt
1 Bloodstained Mire
1 Boreal Druid
1 Boseiju, Who Endures
1 Broadside Bombardiers
1 Castle Embereth
1 City of Traitors
1 Coalition Relic
1 Command Tower
1 Commercial District
1 Craterhoof Behemoth
1 Crystal Vein
1 Culling the Weak
1 Deadpool, Trading Card
1 Deathrite Shaman
1 Delighted Halfling
1 Demonic Tutor
1 Devoted Druid
1 Diabolic Intent
1 Dismember
1 Domri, Anarch of Bolas
1 Earthcraft
1 Eldritch Evolution
1 Elves of Deep Shadow
1 Elvish Mystic
1 Endurance
1 Fatal Push
1 Fertile Ground
1 Forest
1 Formidable Speaker
1 Frenzied Baloth
1 Fury
1 Fyndhorn Elves
1 Goblin Bombardment
1 Grist, the Hunger Tide
1 Hit // Run
1 Chaos Defiler
1 Ignoble Hierarch
1 Inquisition of Kozilek
1 Lightning Bolt
1 Llanowar Elves
1 Llanowar Wastes
1 Marsh Flats
1 Mind Twist
1 Minsc & Boo, Timeless Heroes
1 Misty Rainforest
1 Mountain
1 Nature's Lore
1 Nature's Rhythm
1 Orcish Bowmasters
1 Overgrown Tomb
1 Pattern of Rebirth
1 Phyrexian Tower
1 Polluted Delta
1 Primeval Titan
1 Prismatic Vista
1 Sakura-Tribe Elder
1 Scalding Tarn
1 Sephiroth, Fabled SOLDIER
1 Shared Animosity
1 Shifting Woodland
1 Skullclamp
1 Snow-Covered Forest
1 Snow-Covered Mountain
1 Snow-Covered Swamp
1 Sowing Mycospawn
1 Stomping Ground
1 Swamp
1 Sylvan Caryatid
1 Taiga
1 Tainted Pact
1 The Meathook Massacre
1 Thornspire Verge
1 Thoughtseize
1 Three Visits
1 Tinder Wall
1 Underground Mortuary
1 Urborg, Tomb of Yawgmoth
1 Utopia Sprawl
1 Verdant Catacombs
1 Wall of Roots
1 Wastewood Verge
1 Westvale Abbey
1 Wild Growth
1 Windswept Heath
1 Wooded Foothills
1 Yavimaya, Cradle of Growth
1 Yawgmoth, Thran Physician",0
Nolaac Vivnil,,"Glarb, Calamity's Augur","1 Abhorrent Oculus
1 Abrupt Decay
1 Baleful Strix
1 Barrowgoyf
1 Bloodstained Mire
1 Boseiju, Who Endures
1 Brainstorm
1 Breeding Pool
1 Clearwater Pathway
1 Cling to Dust
1 Command Tower
1 Consult the Star Charts
1 Counterspell
1 Cryptic Command
1 Cut Down
1 Daze
1 Deathrite Shaman
1 Demonic Consultation
1 Demonic Tutor
1 Dismember
1 Doomsday
1 Drowned Catacomb
1 Exploration
1 Fatal Push
1 Flooded Strand
1 Force of Negation
1 Force Spike
1 Forest
1 Gitaxian Probe
1 Gloomlake Verge
1 Grief
1 Gush
1 Hedge Maze
1 Inquisition of Kozilek
1 Intuition
1 Island
1 Jace, Wielder of Mysteries
1 Laboratory Maniac
1 Logic Knot
1 Long Goodbye
1 Lorien Revealed
1 Lose Focus
1 Mana Leak
1 Marsh Flats
1 Memory Lapse
1 Mental Misstep
1 Minamo, School at Water's Edge
1 Miscalculation
1 Misdirection
1 Mistrise Village
1 Misty Rainforest
1 Murderous Cut
1 Murktide Regent
1 Mystic Sanctuary
1 Mystical Dispute
1 Noxious Revival
1 Orcish Bowmasters
1 Otawara, Soaring City
1 Overgrown Tomb
1 Polluted Delta
1 Preordain
1 Prismatic Vista
1 Profane Tutor
1 Psychic Frog
1 Rakshasa's Bargain
1 Remand
1 Requiting Hex
1 Scalding Tarn
1 Sheoldred's Edict
1 Shipwreck Marsh
1 Snapcaster Mage
1 Snow-Covered Island
1 Snow-Covered Swamp
1 Spell Snare
1 Stern Scolding
1 Subtlety
1 Swamp
1 Tainted Pact
1 Takenuma, Abandoned Mire
1 Tale's End
1 Tamiyo, Inquisitive Student
1 Thought Lash
1 Thoughtseize
1 Toxic Deluge
1 Tropical Island
1 Undercity Sewers
1 Underground Mortuary
1 Underground River
1 Underground Sea
1 Unearth
1 Urborg, Tomb of Yawgmoth
1 Verdant Catacombs
1 Wan Shi Tong, Librarian
1 Wash Away
1 Watery Grave
1 Willowrush Verge
1 Windswept Heath
1 Wooded Foothills
1 Zagoth Triome",0
Oleh Lototskyi,,"Satya, Aetherflux Genius","1 Aang, Swift Savior
1 Ajani, Nacatl Pariah
1 Aragorn, King of Gondor
1 Arena of Glory
1 Archivist of Oghma
1 Arid Mesa
1 Aven Mindcensor
1 Bloodstained Mire
1 Brainstorm
1 Brazen Borrower
1 Broadside Bombardiers
1 Caves of Chaos Adventurer
1 Command Tower
1 Containment Priest
1 Cori Mountain Monastery
1 Counterspell
1 Daze
1 Deserted Beach
1 Eiganjo, Seat of the Empire
1 Elegant Parlor
1 Esper Sentinel
1 Faerie Mastermind
1 Fiery Islet
1 Flooded Strand
1 Floodfarm Verge
1 Force of Negation
1 Forth Eorlingas!
1 Fury
1 Galvanic Discharge
1 Ghost Vacuum
1 Giver of Runes
1 Guide of Souls
1 Hallowed Fountain
1 Headliner Scarlett
1 Hexing Squelcher
1 Hullbreacher
1 Chain Lightning
1 Inspiring Vantage
1 Island
1 Kinscaer Sentry
1 Laelia, the Blade Reforged
1 Lightning Bolt
1 Lightning, Army of One
1 Malcolm, Alluring Scoundrel
1 Mana Leak
1 Marsh Flats
1 Mental Misstep
1 Meticulous Archive
1 Misty Rainforest
1 Mockingbird
1 Mother of Runes
1 Mountain
1 No More Lies
1 Ocelot Pride
1 Otawara, Soaring City
1 Parallax Wave
1 Path to Exile
1 Phelia, Exuberant Shepherd
1 Phlage, Titan of Fire's Fury
1 Pippin, Guard of the Citadel
1 Plains
1 Plateau
1 Polluted Delta
1 Prismatic Ending
1 Prismatic Vista
1 Pyrogoyf
1 Pyrokinesis
1 Raugrin Triome
1 Reflector Mage
1 Riverpyre Verge
1 Sacred Foundry
1 Scalding Tarn
1 Screaming Nemesis
1 Seasoned Dungeoneer
1 Sink into Stupor
1 Skyclave Apparition
1 Solitude
1 Spectacular Spider-Man
1 Spider-Woman, Stunning Savior
1 Spirebluff Canal
1 Static Prison
1 Steam Vents
1 Subtlety
1 Sunbaked Canyon
1 Sunbillow Verge
1 Sundown Pass
1 Swords to Plowshares
1 Synth Eradicator
1 Tax Collector
1 Thundering Falls
1 Tishana's Tidebinder
1 True-Name Nemesis
1 Voice of Victory
1 Volcanic Island
1 Wan Shi Tong, Librarian
1 Wash Away
1 Windswept Heath
1 Witch Enchanter
1 Wooded Foothills",0
Ondřej Smetana,,Amalia Benavides Aguirre + Lurrus of the Dream-Den,"1 Abundant Countryside
1 Accursed Marauder
1 Aether Vial
1 Ajani's Welcome
1 Alseid of Life's Bounty
1 Animate Dead
1 Arid Mesa
1 Auriok Champion
1 Bartolomé del Presidio
1 Bitterbloom Bearer
1 Bleachbone Verge
1 Blood Artist
1 Brightclimb Pathway
1 Carrion Feeder
1 Case of the Uneaten Feast
1 Cathar Commando
1 Caves of Koilos
1 Cling to Dust
1 Command Tower
1 Concealed Courtyard
1 Cruel Celebrant
1 Dalkovan Encampment
1 Dark Confidant
1 Daxos, Blessed by the Sun
1 Deep-Cavern Bat
1 Demonic Tutor
1 Dewdrop Cure
1 Dismember
1 Eiganjo, Seat of the Empire
1 Elas il-Kor, Sadistic Pilgrim
1 Emperor of Bones
1 Fatal Push
1 Fetid Heath
1 Flare of Malice
1 Flooded Strand
1 Ghost Vacuum
1 Giver of Runes
1 Godless Shrine
1 Great Arashin City
1 Guide of Souls
1 Healer's Hawk
1 Hinterland Sanctifier
1 Hope of Ghirapur
1 Isolated Chapel
1 Jolted Awake
1 Karlov of the Ghost Council
1 Lazotep Quarry
1 Leonardo, Cutting Edge
1 Leonardo's Technique
1 Lunarch Veteran
1 Mai, Scornful Striker
1 Mana Confluence
1 Marionette Apprentice
1 Marsh Flats
1 Mother of Runes
1 Ocelot Pride
1 Orcish Bowmasters
1 Phelia, Exuberant Shepherd
1 Plains
1 Plaza of Heroes
1 Polluted Delta
1 Prismatic Vista
1 Raise the Past
1 Rally the Ancestors
1 Razorgrass Ambush
1 Return to the Ranks
1 Rishadan Port
1 Ruin-Lurker Bat
1 Scrubland
1 Shadowspear
1 Shadowy Backstreet
1 Shattered Sanctum
1 Sheltered by Ghosts
1 Shizo, Death's Storehouse
1 Silent Clearing
1 Skullclamp
1 Snow-Covered Plains
1 Snow-Covered Swamp
1 Sorin of House Markov
1 Soul Warden
1 Soul's Attendant
1 Speaker of the Heavens
1 Spymaster's Vault
1 Starscape Cleric
1 Swamp
1 Swords to Plowshares
1 Tainted Pact
1 Takenuma, Abandoned Mire
1 Talon Gates of Madara
1 Thoughtseize
1 Umbral Collar Zealot
1 Unearth
1 Urborg, Tomb of Yawgmoth
1 Urza's Saga
1 Vengeful Bloodwitch
1 Verdant Catacombs
1 Viscera Seer
1 Voice of Victory
1 Zulaport Cutthroat",0
Patrik Adler,,"Phelia, Exuberant Shepherd","1 Abandoned Air Temple
1 Ancient Den
1 Anointed Peacekeeper
1 Arcum's Astrolabe
1 Aven Interrupter
1 Benevolent Bodyguard
1 Blade Splicer
1 Cataclysm
1 Cathar Commando
1 Cloud, Midgar Mercenary
1 Containment Priest
1 Disruptor Flute
1 Drannith Magistrate
1 Dust Bowl
1 Eiganjo Castle
1 Eiganjo, Seat of the Empire
1 Elite Spellbinder
1 Enlightened Tutor
1 Ephemerate
1 Esper Sentinel
1 Flagstones of Trokair
1 Flickerwisp
1 Gemstone Caverns
1 Ghost Quarter
1 Giver of Runes
1 Glimmer Lens
1 Guide of Souls
1 Invasion of Gobakhan
1 Jolted Awake
1 Lion Sash
1 Loran of the Third Path
1 Mana Tithe
1 Mishra's Factory
1 Mother of Runes
1 On Thin Ice
1 Ossification
1 Oust
1 Overlord of the Mistmoors
1 Palace Jailer
1 Parallax Wave
1 Portable Hole
1 Pre-War Formalwear
1 Ranger-Captain of Eos
1 Razorgrass Ambush
1 Recruiter of the Guard
1 Reprieve
1 Reverent Mantra
1 Rishadan Port
1 Sanctifier en-Vec
1 Scavenger Grounds
1 Seasoned Dungeoneer
1 Shadowspear
1 Shining Shoal
1 Skrelv, Defector Mite
1 Skullclamp
1 Skyclave Apparition
23 Snow-Covered Plains
1 Solitude
1 Soul-Guide Lantern
1 Spectacular Spider-Man
1 Staff of the Storyteller
1 Starfield Shepherd
1 Steel Seraph
1 Stoneforge Mystic
1 Swift Reconfiguration
1 Swords to Plowshares
1 Talon Gates of Madara
1 Tangle Wire
1 Tax Collector
1 Tectonic Edge
1 The Duke, Rebel Sentry
1 Toby, Beastie Befriender
1 Unexpectedly Absent
1 Urza's Cave
1 Urza's Saga
1 Winter Moon
1 Witch Enchanter",0
Pavel Gric,,"Hei Bai, Forest Guardian","1 Abrupt Decay
1 Arid Mesa
1 Badlands
1 Bayou
1 Bloodstained Mire
1 Boseiju, Who Endures
1 Brainstorm
1 Brainsurge
1 Breeding Pool
1 Cling to Dust
1 Command Tower
1 Consult the Star Charts
1 Counterspell
1 Damn
1 Demonic Tutor
1 Deserted Beach
1 Dismember
1 Drown in the Loch
1 Evasive Action
1 Fatal Push
1 Fire Nation Occupation
1 Flooded Strand
1 Force of Negation
1 Force Spike
1 Go-Shintai of Life's Origin
1 Hallowed Fountain
1 Hedge Maze
1 Honden of Seeing Winds
1 Island
1 Kaya's Guile
1 Leyline Binding
1 Long Goodbye
1 Lorien Revealed
1 Lose Focus
1 Mana Leak
1 Mana Tithe
1 Marsh Flats
1 Memory Lapse
1 Mental Misstep
1 Meticulous Archive
1 Mistrise Village
1 Misty Rainforest
1 Mystic Sanctuary
1 No More Lies
1 Oko, Thief of Crowns
1 Orcish Bowmasters
1 Oust
1 Plains
1 Planar Genesis
1 Plateau
1 Polluted Delta
1 Ponder
1 Preordain
1 Prismatic Ending
1 Prismatic Vista
1 Psychic Frog
1 Rakshasa's Bargain
1 Reflecting Pool
1 Remand
1 Reprieve
1 Requiting Hex
1 Sanctum of All
1 Sanctum of Calm Waters
1 Sauron's Ransom
1 Savannah
1 Scalding Tarn
1 Scrubland
1 Shadowy Backstreet
1 Shipwreck Marsh
1 Shorikai, Genesis Engine
1 Sink into Stupor
1 Snapcaster Mage
1 Solitude
1 Spell Snare
1 Starting Town
1 Steam Vents
1 Stern Scolding
1 Stock Up
1 Subtlety
1 Supreme Verdict
1 Swamp
1 Swords to Plowshares
1 Taiga
1 Tale's End
1 Tamiyo, Inquisitive Student
1 Teferi, Time Raveler
1 Tithe
1 Toxic Deluge
1 Tropical Island
1 Tundra
1 Undercity Sewers
1 Underground Sea
1 Verdant Catacombs
1 Volcanic Island
1 Wash Away
1 Watery Grave
1 Windswept Heath
1 Wooded Foothills
1 Wrath of the Skies",0
Petr Vach,,"Aragorn, King of Gondor","1 Aang, Swift Savior
1 Adarkar Wastes
1 Ajani, Nacatl Pariah
1 Arena of Glory
1 Arid Mesa
1 Bloodstained Mire
1 Brainstorm
1 Brazen Borrower
1 Cathar Commando
1 Command Tower
1 Consult the Star Charts
1 Counterspell
1 Daze
1 Deserted Beach
1 Detective's Phoenix
1 Eiganjo, Seat of the Empire
1 Elegant Parlor
1 Fable of the Mirror-Breaker
1 Faerie Mastermind
1 Flame Slash
1 Flooded Strand
1 Floodfarm Verge
1 Force of Negation
1 Force Spike
1 Forth Eorlingas!
1 Fury
1 Galvanic Discharge
1 Gitaxian Probe
1 Glacial Fortress
1 Hallowed Fountain
1 Hullbreacher
1 Chain Lightning
1 Island
1 Kutzil's Flanker
1 Lightning Bolt
1 Lorien Revealed
1 Lose Focus
1 Malcolm, Alluring Scoundrel
1 Mana Leak
1 Mana Tithe
1 Marsh Flats
1 Memory Lapse
1 Mental Misstep
1 Meticulous Archive
1 Mistrise Village
1 Misty Rainforest
1 Mountain
1 Murktide Regent
1 No More Lies
1 Ocelot Pride
1 Otawara, Soaring City
1 Oust
1 Parallax Wave
1 Phelia, Exuberant Shepherd
1 Phlage, Titan of Fire's Fury
1 Plains
1 Plateau
1 Polluted Delta
1 Prismatic Ending
1 Prismatic Vista
1 Pyrogoyf
1 Reflecting Pool
1 Remand
1 Reprieve
1 Restless Anchorage
1 Riverpyre Verge
1 Sacred Foundry
1 Scalding Tarn
1 Seachrome Coast
1 Sink into Stupor
1 Skyclave Apparition
1 Snapcaster Mage
1 Solitude
1 Spectacular Spider-Man
1 Spell Pierce
1 Spell Snare
1 Spirebluff Canal
1 Steam Vents
1 Stern Scolding
1 Stormcarved Coast
1 Subtlety
1 Sulfur Falls
1 Swords to Plowshares
1 Tale's End
1 Teferi, Time Raveler
1 The Wandering Emperor
1 Thundering Falls
1 Tishana's Tidebinder
1 True-Name Nemesis
1 Tundra
1 Unholy Heat
1 Vendilion Clique
1 Voice of Victory
1 Volcanic Island
1 Wan Shi Tong, Librarian
1 Wash Away
1 Windswept Heath
1 Witch Enchanter
1 Wooded Foothills",0
Roman Legíň,,"Kraum, Ludevic's Opus & Yoshimaru, Ever Faithful","1 Abstergo Entertainment
1 Ajani, Nacatl Pariah
1 Arena of Glory
1 Arid Mesa
1 Battlefield Forge
1 Bloodstained Mire
1 Boromir, Warden of the Tower
1 Boros Charm
1 Broadside Bombardiers
1 Cathar Commando
1 Cloud, Midgar Mercenary
1 Command Tower
1 Detective's Phoenix
1 Eiganjo Castle
1 Eiganjo, Seat of the Empire
1 Elegant Parlor
1 Ellie, Brick Master
1 Embercleave
1 Feldon, Ronom Excavator
1 Fiery Confluence
1 Flagstones of Trokair
1 Flame Slash
1 Flooded Strand
1 Flowering of the White Tree
1 Forth Eorlingas!
1 Fury
1 Galvanic Discharge
1 Gemstone Caverns
1 Ghostfire Slice
1 Giver of Runes
1 Guide of Souls
1 Hammerheim
1 Headliner Scarlett
1 Hexing Squelcher
1 Chain Lightning
1 Inspiring Vantage
1 Inti, Seneschal of the Sun
1 Kari Zev, Skyship Raider
1 Laelia, the Blade Reforged
1 Lightning Bolt
1 Lightning Helix
1 Loyal Apprentice
1 Magus of the Moon
1 Marsh Flats
1 Mental Misstep
1 Merry, Esquire of Rohan
1 Minas Tirith
1 Mines of Moria
1 Mother of Runes
1 Needleverge Pathway
1 Ocelot Pride
1 On Thin Ice
1 Parallax Wave
1 Phelia, Exuberant Shepherd
1 Phlage, Titan of Fire's Fury
1 Plateau
1 Plaza of Heroes
1 Pre-War Formalwear
1 Prismatic Vista
1 Pyrogoyf
1 Pyrokinesis
1 Redirect Lightning
1 Reverent Mantra
1 Sacred Foundry
1 Scalding Tarn
1 Screaming Nemesis
1 Senu, Keen-Eyed Protector
1 Shadowspear
1 Shinka, the Bloodsoaked Keep
1 Skullclamp
1 Skyclave Apparition
1 Snow-Covered Mountain
5 Snow-Covered Plains
1 Sokenzan, Crucible of Defiance
1 Solitude
1 Spectacular Spider-Man
1 Spider-Punk
1 Static Prison
1 Sunbaked Canyon
1 Sunbillow Verge
1 Sundering Eruption
1 Swift Reconfiguration
1 Swords to Plowshares
1 Synth Eradicator
1 Tersa Lightshatter
1 Thalia, Guardian of Thraben
1 Thalia, Heretic Cathar
1 Umezawa's Jitte
1 Urdnan, Dromoka Warrior
1 Urza's Saga
1 Voice of Victory
1 Windswept Heath
1 Witch Enchanter
1 Wooded Foothills",0
Rostislav Bečka,,"Kraum, Ludevic's Opus & Yoshimaru, Ever Faithful","1 Adeline, Resplendent Cathar
1 Ajani, Nacatl Pariah
1 Ancient Den
1 Arbaaz Mir
1 Arena of Glory
1 Arid Mesa
1 Battlefield Forge
1 Bloodstained Mire
1 Broadside Bombardiers
1 Cloud, Midgar Mercenary
1 Command Beacon
1 Command Tower
1 Detective's Phoenix
1 Drannith Magistrate
1 Eiganjo Castle
1 Eiganjo, Seat of the Empire
1 Elegant Parlor
1 Embercleave
1 Enlightened Tutor
1 Feldon, Ronom Excavator
1 Flagstones of Trokair
1 Flame Slash
1 Flooded Strand
1 Flowering of the White Tree
1 Forth Eorlingas!
1 Fury
1 Galvanic Discharge
1 Ghost Vacuum
1 Guide of Souls
1 Hammerheim
1 Headliner Scarlett
1 Hexing Squelcher
1 Inti, Seneschal of the Sun
1 Joshua, Phoenix's Dominant
1 Kari Zev, Skyship Raider
1 Kari Zev's Expertise
1 Laelia, the Blade Reforged
1 Lightning Bolt
1 Loyal Apprentice
1 Mabel, Heir to Cragflame
1 Marsh Flats
1 Mental Misstep
1 Merry, Esquire of Rohan
1 Minas Tirith
1 Mines of Moria
1 Mother of Runes
1 Needleverge Pathway
1 Ocelot Pride
1 On Thin Ice
1 Parallax Wave
1 Phelia, Exuberant Shepherd
1 Phlage, Titan of Fire's Fury
1 Plateau
1 Plaza of Heroes
1 Pre-War Formalwear
1 Prismatic Vista
1 Pyrogoyf
1 Razorkin Needlehead
1 Reckless Pyrosurfer
1 Reverent Mantra
1 Sacred Foundry
1 Screaming Nemesis
1 Senu, Keen-Eyed Protector
1 Shadowspear
1 Sheltered by Ghosts
1 Shinka, the Bloodsoaked Keep
1 Skrelv, Defector Mite
1 Skullclamp
1 Skyclave Apparition
3 Snow-Covered Mountain
4 Snow-Covered Plains
1 Sokenzan, Crucible of Defiance
1 Solitude
1 Spectacular Spider-Man
1 Spider-Punk
1 Spider-Woman, Stunning Savior
1 Static Prison
1 Sunbaked Canyon
1 Sunbillow Verge
1 Sundering Eruption
1 Swift Reconfiguration
1 Swords to Plowshares
1 Synth Eradicator
1 Tersa Lightshatter
1 Thalia, Guardian of Thraben
1 Thalia, Heretic Cathar
1 The Grey Havens
1 Urdnan, Dromoka Warrior
1 Urza's Saga
1 Voice of Victory
1 Windswept Heath
1 Witch Enchanter
1 Wooded Foothills",0
Sam Boscq,,"Lumra, Bellow of the Woods","1 Amulet of Vigor
1 Arboreal Grazer
1 Archdruid's Charm
1 Arid Archway
1 Ba Sing Se
1 Beast Within
1 Blast Zone
1 Boseiju, Who Endures
1 Bridgeworks Battle
1 Brokers Hideout
1 Burgeoning
1 Cabaretti Courtyard
1 Castle Garenbrig
1 City of Traitors
1 Command Beacon
1 Crop Rotation
1 Crystal Vein
1 Delighted Halfling
1 Disciple of Freyalise
1 Dust Bowl
1 Echoing Deeps
1 Elvish Reclaimer
1 Emrakul, the Promised End
1 Expedition Map
1 Exploration
1 Eye of Ugin
1 Fabled Passage
1 Finale of Devastation
8 Forest
1 Formidable Speaker
1 Ghost Quarter
1 Gingerbread Cabin
1 Glacial Chasm
1 Green Sun's Zenith
1 Guildless Commons
1 Havenwood Battleground
1 Hickory Woodlot
1 Horizon Explorer
1 Horizon of Progress
1 Icetill Explorer
1 Insidious Fungus
1 Kozilek's Command
1 Lazotep Quarry
1 Lotus Cobra
1 Lotus Field
1 Malevolent Rumble
1 Maze of Ith
1 Mirrorpool
1 Misty Rainforest
1 Nature's Rhythm
1 Nissa, Resurgent Animist
1 Pit of Offerings
1 Planar Nexus
1 Primeval Titan
1 Prismatic Vista
1 Rishadan Port
1 Riveteers Overlook
1 Sandman, Shifting Scoundrel
1 Shifting Woodland
1 Six
2 Snow-Covered Forest
1 Sowing Mycospawn
1 Spelunking
1 Springheart Nantuko
1 Summer Bloom
1 Summoner's Pact
1 Sylvan Library
1 Sylvan Safekeeper
1 Sylvan Scrying
1 Talon Gates of Madara
1 Tectonic Edge
1 Temple of the False God
1 Tezzeret, Cruel Captain
1 Thought-Knot Seer
1 Tiller Engine
1 Tireless Provisioner
1 Tree of Tales
1 Ugin, Eye of the Storms
1 Urborg, Tomb of Yawgmoth
1 Urza's Cave
1 Urza's Saga
1 Urza's Tower
1 Utopia Sprawl
1 Verdant Catacombs
1 Vesuva
1 Wild Growth
1 Windswept Heath
1 Wooded Foothills
1 Worldly Tutor
1 Yavimaya, Cradle of Growth
1 Zuran Orb",0
Sebastian Jacques,,"Zahur, Glory's Past","1 Accursed Marauder
1 Arid Mesa
1 Bartolomé del Presidio
1 Bleachbone Verge
1 Blood Artist
1 Bloodghast
1 Bloodstained Mire
1 Bojuka Bog
1 Brightclimb Pathway
1 Call of the Death-Dweller
1 Carrion Feeder
1 Cathar Commando
1 Caves of Koilos
1 Cecil, Dark Knight
1 Cloud, Midgar Mercenary
1 Command Tower
1 Concealed Courtyard
1 Continue?
1 Cut Down
1 Dalkovan Encampment
1 Damn
1 Demonic Tutor
1 Eiganjo, Seat of the Empire
1 Elas il-Kor, Sadistic Pilgrim
1 Emperor of Bones
1 Fatal Push
1 Fell the Profane
1 Fetid Heath
1 Flagstones of Trokair
1 Flare of Malice
1 Flooded Strand
1 Forsaken Miner
1 Gas Guzzler
1 Gnawing Vermin
1 Godless Shrine
1 Gravecrawler
1 Greedy Freebooter
1 Guide of Souls
1 Helping Hand
1 Hive of the Eye Tyrant
1 Hymn to Tourach
1 Champion of the Perished
1 Chthonian Nightmare
1 Indebted Spirit
1 Inquisition of Kozilek
1 Isolated Chapel
1 Lively Dirge
1 Lurrus of the Dream-Den
1 Malakir Rebirth
1 Marionette Apprentice
1 Marsh Flats
1 Momentum Breaker
1 Momo, Playful Pet
1 Moonshadow
1 Nested Shambler
1 Nesting Bot
1 Nethergoyf
1 Ocelot Pride
1 Orcish Bowmasters
1 Phyrexian Tower
2 Plains
1 Polluted Delta
1 Portable Hole
1 Pre-War Formalwear
1 Prismatic Vista
1 Raise the Past
1 Rally the Ancestors
1 Razorgrass Ambush
1 Scout for Survivors
1 Scrubland
1 Sephiroth, Fabled SOLDIER
1 Shadowy Backstreet
1 Shambling Ghast
1 Shattered Sanctum
1 Silent Clearing
1 Skullclamp
1 Snuff Out
1 Spymaster's Vault
1 Stalactite Stalker
1 Stitcher's Supplier
3 Swamp
1 Swords to Plowshares
1 Syr Vondam, Sunstar Exemplar
1 Takenuma, Abandoned Mire
1 The Meathook Massacre
1 Thoughtseize
1 Umbral Collar Zealot
1 Unearth
1 Urborg, Tomb of Yawgmoth
1 Vengeful Bloodwitch
1 Verdant Catacombs
1 Viscera Seer
1 Voice of Victory
1 Warren Soultrader
1 Windswept Heath
1 Zulaport Cutthroat",0
Štepán Šubrt,,"Kefka, Court Mage // Kefka, Ruler of Ruin","1 Anger
1 Animate Dead
1 Arcane Signet
1 Arena of Glory
1 Arid Mesa
1 Badlands
1 Baleful Strix
1 Barrowgoyf
1 Blazemire Verge
1 Blood Crypt
1 Bloodstained Mire
1 Brainstorm
1 Cling to Dust
1 Command Tower
1 Consult the Star Charts
1 Counterspell
1 Daze
1 Deadpool, Trading Card
1 Deluge of Doom
1 Demonic Tutor
1 Detective's Phoenix
1 Dress Down
1 Drown in the Loch
1 Drowned Catacomb
1 Duress
1 Emperor of Bones
1 Fatal Push
1 Fear of Missing Out
1 Fire Nation Occupation
1 Flame of Anor
1 Flooded Strand
1 Force of Negation
1 Force Spike
1 Fury
1 Gloomlake Verge
1 Grief
1 Haunted Ridge
1 Heartless Summoning
1 Hullbreacher
1 Chaos Defiler
1 Inquisition of Kozilek
1 Island
1 Kroxa, Titan of Death's Hunger
1 Lightning Bolt
1 Lorien Revealed
1 Lose Focus
1 Mana Leak
1 Marsh Flats
1 Memory Lapse
1 Mental Misstep
1 Mistrise Village
1 Misty Rainforest
1 Mountain
1 Nethergoyf
1 Opposition Agent
1 Orcish Bowmasters
1 Otawara, Soaring City
1 Parallax Tide
1 Polluted Delta
1 Ponder
1 Preordain
1 Prismatic Vista
1 Psychic Frog
1 Pyrogoyf
1 Raucous Theater
1 Reflecting Pool
1 Remand
1 Riverpyre Verge
1 Sauron's Ransom
1 Scalding Tarn
1 Seat of the Synod
1 Sheoldred's Edict
1 Shipwreck Marsh
1 Sink into Stupor
1 Snapcaster Mage
1 Spell Snare
1 Steam Vents
1 Stern Scolding
1 Stifle
1 Stormcarved Coast
1 Subtlety
1 Swamp
1 Tainted Pact
1 Tale's End
1 Thoughtseize
1 Thundering Falls
1 Tishana's Tidebinder
1 Toxic Deluge
1 Troll of Khazad-dum
1 Undercity Sewers
1 Underground Sea
1 Unholy Heat
1 Vault of Whispers
1 Verdant Catacombs
1 Volcanic Island
1 Wan Shi Tong, Librarian
1 Wash Away
1 Watery Grave
1 Wooded Foothills",0
Tibor A.,,"Magda, Brazen Outlaw","1 Academy Manufactor
1 Adaptive Automaton
1 Aetherflux Reservoir
1 Ancient Copper Dragon
1 Axgard Artisan
1 Axgard Cavalry
1 Balduvian Trading Post
1 Barkform Harvester
1 Bloodfire Dwarf
1 Bloodline Pretender
1 Brazen Dwarf
1 Buried Ruin
1 Burst Lightning
1 Castle Embereth
1 Cavern-Hoard Dragon
1 Clock of Omens
1 Cursed Mirror
1 Diamond Pick-Axe
1 Dwarven Armorer
1 Dwarven Berserker
1 Dwarven Blastminer
1 Dwarven Bloodboiler
1 Dwarven Forge-Chanter
1 Dwarven Grunt
1 Dwarven Lieutenant
1 Dwarven Mine
1 Dwarven Scorcher
1 Dwarven Trader
1 Dwarven Weaponsmith
1 Electrostatic Infantry
1 Enslaved Dwarf
1 Erebor Flamesmith
1 Fearless Liberator
1 Firdoch Core
1 Flamekin Village
1 Galvanic Discharge
1 Gimli of the Glittering Caves
1 Gloin, Dwarf Emissary
1 Gonti's Aether Heart
1 Great Train Heist
1 Hanweir Battlements
1 Hellkite Tyrant
1 Idol of Oblivion
1 Incinerate
1 Inferno of the Star Mounts
1 Insufferable Balladeer
1 Keldon Megaliths
1 Liberated Dwarf
1 Lightning Bolt
1 Lightning Greaves
1 Magda, the Hoardmaster
1 Magnetic Snuffler
1 Metallic Mimic
1 Mine Layer
1 Mines of Moria
1 Mirror of the Forebears
1 Molten Duplication
19 Mountain
1 Nuka-Cola Vending Machine
1 Null Brooch
1 Path of Ancestry
1 Peter Parker's Camera
1 Plaza of Heroes
1 Plundering Barbarian
1 Pyrokinesis
1 Roaming Throne
1 Rogue's Passage
1 Shivan Gorge
1 Shock
1 Skewer Slinger
1 Smoldering Spires
1 Spark Mage
1 Storm-Kiln Artist
1 Strike It Rich
1 The Mycosynth Gardens
1 Three Tree Mascot
1 Unholy Heat
1 Universal Automaton
1 Valakut, the Molten Pinnacle
1 Vault Robber
1 Volatile Fault",0
Tomas Zeman,,Ertai Resurrected,"1 Abhorrent Oculus
1 Aboleth Spawn
1 Agna Qel'a
1 Archmage's Charm
1 Barrowgoyf
1 Bloodchief's Thirst
1 Bloodstained Mire
1 Brainstorm
1 Brainsurge
1 Castle Vantress
1 Cling to Dust
1 Command Tower
1 Consider
1 Consult the Star Charts
1 Counterspell
1 Creeping Tar Pit
1 Cryptic Command
1 Cut Down
1 Darkslick Shores
1 Daze
1 Demonic Tutor
1 Dismember
1 Drown in the Loch
1 Drowned Catacomb
1 Fatal Push
1 Field of Ruin
1 Fire Nation Occupation
1 Flooded Strand
1 Force Spike
1 Gloomlake Verge
1 Go for the Throat
1 Hall of Storm Giants
1 Harbinger of the Seas
1 Change the Equation
1 Intuition
1 Long Goodbye
1 Lorien Revealed
1 Lose Focus
1 Mana Leak
1 Marsh Flats
1 Memory Deluge
1 Memory Lapse
1 Mental Misstep
1 Miscalculation
1 Misty Rainforest
1 Murktide Regent
1 Mystic Confluence
1 Mystic Sanctuary
1 Nihil Spellbomb
1 Opposition Agent
1 Orcish Bowmasters
1 Otawara, Soaring City
1 Parallax Nexus
1 Parallax Tide
1 Polluted Delta
1 Ponder
1 Preordain
1 Prismatic Vista
1 Profane Tutor
1 Psychic Frog
1 Remand
1 Requiting Hex
1 Riptide Laboratory
1 Sauron's Ransom
1 Scalding Tarn
1 Sheoldred's Edict
1 Shipwreck Marsh
1 Sinister Concierge
1 Snapcaster Mage
11 Snow-Covered Island
2 Snow-Covered Swamp
1 Spell Snare
1 Stern Scolding
1 Stock Up
1 Subtlety
1 Sunken Ruins
1 Takenuma, Abandoned Mire
1 Tale's End
1 Toxic Deluge
1 Treachery
1 Undercity Sewers
1 Underground River
1 Underground Sea
1 Vedalken Shackles
1 Vendilion Clique
1 Verdant Catacombs
1 Wash Away
1 Watery Grave",0
Tomáš Fridrich,,Amalia Benavides Aguirre + Lurrus of the Dream-Den,"1 Abundant Countryside
1 Aether Vial
1 Ajani's Welcome
1 Alseid of Life's Bounty
1 Animate Dead
1 Archfiend's Vessel
1 Arid Mesa
1 Assemble the Players
1 Aunt May
1 Auriok Champion
1 Bartolomé del Presidio
1 Bleachbone Verge
1 Blood Artist
1 Bloodstained Mire
1 Brightclimb Pathway
1 Carrion Feeder
1 Case of the Uneaten Feast
1 Cathar Commando
1 Caves of Koilos
1 Cloud, Midgar Mercenary
1 Command Tower
1 Concealed Courtyard
1 Cruel Celebrant
1 Dalkovan Encampment
1 Dark Confidant
1 Daxos, Blessed by the Sun
1 Deep-Cavern Bat
1 Demonic Tutor
1 Dewdrop Cure
1 Dismember
1 Eiganjo Castle
1 Eiganjo, Seat of the Empire
1 Elas il-Kor, Sadistic Pilgrim
1 Emperor of Bones
1 Fatal Push
1 Fell the Profane
1 Flagstones of Trokair
1 Flare of Malice
1 Flooded Strand
1 Gemstone Caverns
1 Godless Shrine
1 Guide of Souls
1 Helping Hand
1 Hinterland Sanctifier
1 Isolated Chapel
1 Jolted Awake
1 Karlov of the Ghost Council
1 Lazotep Quarry
1 Leonardo, Cutting Edge
1 Leonardo's Technique
1 Lingering Souls
1 Lunarch Veteran
1 Mana Confluence
1 Marionette Apprentice
1 Marsh Flats
1 Mother of Runes
1 Multiversal Passage
1 Ocelot Pride
1 Orcish Bowmasters
1 Plains
1 Plaza of Heroes
1 Polluted Delta
1 Prismatic Vista
1 Raise the Past
1 Rally the Ancestors
1 Razorgrass Ambush
1 Requiting Hex
1 Return to the Ranks
1 Ruin-Lurker Bat
1 Sacred Cat
1 Scrubland
1 Shadowspear
1 Shadowy Backstreet
1 Shizo, Death's Storehouse
1 Silent Clearing
1 Skullclamp
1 Snow-Covered Plains
1 Snow-Covered Swamp
1 Snuff Out
1 Sorin of House Markov
1 Soul Warden
1 Soul's Attendant
1 Starscape Cleric
1 Starting Town
1 Swamp
1 Swords to Plowshares
1 Tainted Pact
1 Takenuma, Abandoned Mire
1 Thoughtseize
1 Umbral Collar Zealot
1 Unearth
1 Urza's Saga
1 Vault Skirge
1 Vengeful Bloodwitch
1 Verdant Catacombs
1 Viscera Seer
1 Voice of Victory
1 Windswept Heath
1 Zulaport Cutthroat",0
Tomáš Hanousek,,"Aang, Swift Savior // Aang and La, Ocean's Fury","1 Adarkar Wastes
1 Arid Mesa
1 Aven Interrupter
1 Brainstorm
1 Brainsurge
1 Brazen Borrower
1 Cathar Commando
1 Command Tower
1 Consult the Star Charts
1 Counterspell
1 Cryptic Command
1 Daze
1 Deserted Beach
1 Drannith Magistrate
1 Eiganjo, Seat of the Empire
1 Enduring Curiosity
1 Flooded Strand
1 Floodfarm Verge
1 Force Spike
1 Gitaxian Probe
1 Giver of Runes
1 Glacial Fortress
1 Hallowed Fountain
1 Harbinger of the Seas
1 Hengegate Pathway
1 Change the Equation
1 Lorien Revealed
1 Lose Focus
1 Malcolm, Alluring Scoundrel
1 Mana Leak
1 Mana Tithe
1 March of Otherworldly Light
1 Marsh Flats
1 Memory Lapse
1 Mental Misstep
1 Meticulous Archive
1 Misty Rainforest
1 Mother of Runes
1 Multiversal Passage
1 Mystic Gate
1 Mystic Sanctuary
1 No More Lies
1 Ocelot Pride
1 On Thin Ice
1 Otawara, Soaring City
1 Oust
1 Parallax Wave
1 Phelia, Exuberant Shepherd
1 Polluted Delta
1 Ponder
1 Portable Hole
1 Preordain
1 Prismatic Vista
1 Quantum Riddler
1 Razorgrass Ambush
1 Reflecting Pool
1 Reflector Mage
1 Remand
1 Reprieve
1 Restless Anchorage
1 Restoration Angel
1 Scalding Tarn
1 Seachrome Coast
1 Seam Rip
1 Shorikai, Genesis Engine
1 Sink into Stupor
1 Skyclave Apparition
1 Snapcaster Mage
7 Snow-Covered Island
4 Snow-Covered Plains
1 Solitude
1 Spectacular Spider-Man
1 Spell Queller
1 Spell Snare
1 Stern Scolding
1 Subtlety
1 Swift Reconfiguration
1 Swords to Plowshares
1 Tale's End
1 Teferi, Time Raveler
1 The Wandering Emperor
1 Tishana's Tidebinder
1 Tundra
1 Unable to Scream
1 Vendilion Clique
1 Voice of Victory
1 Wan Shi Tong, Librarian
1 Wash Away
1 Windswept Heath
1 Witch Enchanter",0
Tomáš Neumann,,"Cloud, Midgar Mercenary","1 Abandoned Air Temple
1 Ancient Den
1 Anointed Peacekeeper
1 Archon of Emeria
1 Aven Interrupter
1 Benevolent Bodyguard
1 Blinkmoth Nexus
1 Burrenton Forge-Tender
1 Castle Ardenvale
1 Cathar Commando
1 Cid, Freeflier Pilot
1 Crystal Vein
1 Drannith Magistrate
1 Dust Bowl
1 Eiganjo, Seat of the Empire
1 Elite Spellbinder
1 Enlightened Tutor
1 Esper Sentinel
1 Ethersworn Canonist
1 Extraction Specialist
1 Flagstones of Trokair
1 Flickerwisp
1 Gemstone Caverns
1 Giver of Runes
1 Guide of Souls
1 Helitrooper
1 Helping Hand
1 Jolted Awake
1 Kinscaer Sentry
1 Lay Down Arms
1 Lion Sash
1 Marsh Flats
1 Masterwork of Ingenuity
1 Mirrex
1 Mother of Runes
1 Ocelot Pride
1 On Thin Ice
1 Oust
1 Parallax Wave
1 Path to Exile
1 Phelia, Exuberant Shepherd
1 Portable Hole
1 Pre-War Formalwear
1 Puresteel Paladin
1 Ranger-Captain of Eos
1 Recruiter of the Guard
1 Remorseful Cleric
1 Reverent Mantra
1 Sanctifier en-Vec
1 Shadowspear
1 Sigarda's Aid
1 Skrelv, Defector Mite
1 Skullclamp
1 Skyclave Apparition
27 Snow-Covered Plains
1 Solitude
1 Spectacular Spider-Man
1 Springleaf Drum
1 Static Prison
1 Stoneforge Mystic
1 Sunpearl Kirin
1 Swift Reconfiguration
1 Sword of Feast and Famine
1 Sword of Fire and Ice
1 Swords to Plowshares
1 Tectonic Edge
1 Thalia, Guardian of Thraben
1 Thalia, Heretic Cathar
1 Tithe Taker
1 Umezawa's Jitte
1 Urza's Saga
1 Voice of Victory
1 Witch Enchanter // Witch-Blessed Meadow",1
Tomáš Schebelle,,"Lier, Disciple of the Drowned","1 Archmage's Charm
1 Brain Freeze
1 Brainstorm
1 Brainsurge
1 Consider
1 Consult the Star Charts
1 Counterspell
1 Cryptic Command
1 Curate
1 Dizzy Spell
1 Dream's Grip
1 Exhaustion
1 Extraplanar Lens
1 Fading Hope
1 Flooded Strand
1 Force Spike
1 Frantic Search
1 Gigadrowse
1 Gitaxian Probe
1 High Tide
1 Chain of Vapor
1 Impulse
1 Into the Flood Maw
1 Intuition
29 Island
1 Lorien Revealed
1 Lose Focus
1 Mana Leak
1 Mana Short
1 Memory Lapse
1 Mental Misstep
1 Merchant Scroll
1 Micromancer
1 Misty Rainforest
1 Moment of Truth
1 Mystic Sanctuary
1 Opt
1 Otawara, Soaring City
1 Pact of Negation
1 Peek
1 Personal Tutor
1 Polluted Delta
1 Ponder
1 Preordain
1 Remand
1 Repeal
1 Rewind
1 Sapphire Medallion
1 Scalding Tarn
1 Serum Visions
1 Sink into Stupor
1 Sleight of Hand
1 Snap
1 Solve the Equation
1 Spell Pierce
1 Spell Snare
1 Spellseeker
1 Stern Scolding
1 Stifle
1 Stock Up
1 Subtlety
1 Suspend
1 Tale's End
1 Thought Scour
1 Three Steps Ahead
1 Trickbind
1 Turnabout
1 Twiddle
1 Unsubstantiate
1 Unwind
1 Wash Away",0
Václav Hrdlička,,Basim Ibn Ishaq,"1 Abhorrent Oculus
1 Abstergo Entertainment
1 Baleful Strix
1 Barrowgoyf
1 Bloodstained Mire
1 Bojuka Bog
1 Brainstorm
1 Brazen Borrower
1 Castle Vantress
1 Clearwater Pathway
1 Cling to Dust
1 Command Tower
1 Consult the Star Charts
1 Counterspell
1 Creeping Tar Pit
1 Cut Down
1 Darkslick Shores
1 Daze
1 Deceit
1 Demonic Tutor
1 Drown in the Loch
1 Drowned Catacomb
1 Duress
1 Emperor of Bones
1 Ertai Resurrected
1 Faerie Mastermind
1 Fatal Push
1 Field of Ruin
1 Flooded Strand
1 Force of Negation
1 Force Spike
1 Ghost Vacuum
1 Gloomlake Verge
1 Go for the Throat
1 Harbinger of the Seas
1 Hullbreacher
1 Inquisition of Kozilek
4 Island
1 K-9, Mark I
1 Kaito, Bane of Nightmares
1 Lazotep Quarry
1 Long Goodbye
1 Malcolm, Alluring Scoundrel
1 Mana Leak
1 Marsh Flats
1 Memory Lapse
1 Mental Misstep
1 Metamorphosis Fanatic
1 Minamo, School at Water's Edge
1 Mishra's Bauble
1 Misty Rainforest
1 Mockingbird
1 Moonshadow
1 Opposition Agent
1 Orcish Bowmasters
1 Otawara, Soaring City
1 Overlord of the Balemurk
1 Palantír of Orthanc
1 Polluted Delta
1 Preordain
1 Psychic Frog
1 Remand
1 Scalding Tarn
1 Shadowspear
1 Shipwreck Marsh
1 Skullclamp
1 Snapcaster Mage
1 Spell Pierce
1 Spell Snare
1 Stern Scolding
1 Subtlety
1 Super Shredder
1 Superior Spider-Man
1 Svyelun of Sea and Sky
4 Swamp
1 Takenuma, Abandoned Mire
1 Tale's End
1 Tinybones, the Pickpocket
1 Tishana's Tidebinder
1 Toxic Deluge
1 Undercity Sewers
1 Underground River
1 Underground Sea
1 Unearth
1 Urborg, Tomb of Yawgmoth
1 Urza's Bauble
1 Urza's Saga
1 Vendilion Clique
1 Verdant Catacombs
1 Volrath's Stronghold
1 Wash Away
1 Watery Grave
1 Yuriko, the Tiger's Shadow",0
Vaclav Mysak,,"Tymna the Weaver & Thrasios, Triton Hero","1 Acererak the Archlich
1 Aluren
1 Arbor Elf
1 Arid Mesa
1 Avacyn's Pilgrim
1 Bayou
1 Birds of Paradise
1 Birthing Pod
1 Bloodstained Mire
1 Boseiju, Who Endures
1 Botanical Sanctum
1 Breeding Pool
1 Brightglass Gearhulk
1 Cabal Therapy
1 Cephalid Illusionist
1 City of Brass
1 Command Tower
1 Deathrite Shaman
1 Delighted Halfling
1 Demonic Tutor
1 Devoted Druid
1 Diabolic Intent
1 Dread Return
1 Dryad Arbor
1 Eladamri's Call
1 Eldritch Evolution
1 Elvish Mystic
1 Enlightened Tutor
1 Eternal Witness
1 Fauna Shaman
1 Finale of Devastation
1 Flooded Strand
1 Forest
1 Formidable Speaker
1 Fyndhorn Elves
1 Godless Shrine
1 Green Sun's Zenith
1 Hallowed Fountain
1 Haywire Mite
1 Hazel's Brewmaster
1 Hushwood Verge
1 Chord of Calling
1 Kutzil, Malamet Exemplar
1 Llanowar Elves
1 Lotleth Giant
1 Lush Portico
1 Mana Confluence
1 Marsh Flats
1 Meticulous Archive
1 Misty Rainforest
1 Mother of Runes
1 Narcomoeba
1 Neoform
1 Noble Hierarch
1 Nomads en-Kor
1 Orim's Chant
1 Overgrown Tomb
1 Pact of Negation
1 Parallax Wave
1 Plains
1 Polluted Delta
1 Profane Tutor
1 Ranger-Captain of Eos
1 Razorverge Thicket
1 Savannah
1 Scalding Tarn
1 Scrubland
1 Seachrome Coast
1 Shaman en-Kor
1 Shuko
1 Skullclamp
1 Skyclave Apparition
1 Solitude
1 Spellseeker
1 Springleaf Drum
1 Step Through
1 Stoneforge Mystic
1 Survival of the Fittest
1 Swift Reconfiguration
1 Swords to Plowshares
1 Sylvan Safekeeper
1 Teferi, Time Raveler
1 Temple Garden
1 Thoughtseize
1 Tropical Island
1 Tundra
1 Underground Mortuary
1 Underground Sea
1 Unearth
1 Urza's Saga
1 Verdant Catacombs
1 Voice of Victory
1 Wild Growth
1 Windswept Heath
1 Wooded Bastion
1 Wooded Foothills
1 Worldly Tutor
1 Yavimaya, Cradle of Growth",1
Václav Peltan,,Tifa Lockhart,"1 Adventuring Gear
1 Allosaurus Shepherd
1 Arbor Elf
1 Ba Sing Se
1 Badgermole Cub
1 Bant Panorama
1 Become Immense
1 Berserk
1 Birds of Paradise
1 Blossoming Defense
1 Boreal Druid
1 Boseiju, Who Endures
1 Bounty of the Hunt
1 Bridgeworks Battle
1 Bristly Bill, Spine Sower
1 Brokers Hideout
1 Cabaretti Courtyard
1 Centaur Garden
1 Command Beacon
1 Crop Rotation
1 Defend the Rider
1 Delighted Halfling
1 Dryad Arbor
1 Elvish Mystic
1 Elvish Reclaimer
1 Elvish Spirit Guide
1 Embiggen
1 Endurance
1 Escape Tunnel
1 Evolving Wilds
1 Fabled Passage
10 Forest
1 Frenzied Baloth
1 Fyndhorn Elves
1 Gemstone Caverns
1 Ghost Quarter
1 Green Sun's Zenith
1 Groundswell
1 Grow Extra Arms
1 Guardian Augmenter
1 Hashep Oasis
1 Horizon of Progress
1 Icetill Explorer
1 Inkmoth Nexus
1 Invigorate
1 Lavaspur Boots
1 Lazotep Quarry
1 Legolas's Quick Reflexes
1 Leyline Axe
1 Llanowar Elves
1 Might of Old Krosa
1 Mightform Harmonizer
1 Misty Rainforest
1 Mutagenic Growth
1 Naya Panorama
1 Obscuring Haze
1 Okina, Temple to the Grandfathers
1 Peema Trailblazer
1 Pendelhaven
1 Prismatic Vista
1 Promising Vein
1 Riveteers Overlook
1 Royal Treatment
1 Sandman, Shifting Scoundrel
1 Savage Summoning
1 Scale Up
1 Scythecat Cub
1 Seal of Strength
1 Skyclave Pick-Axe
1 Snakeskin Veil
1 Stonewood Invocation
1 Sylvan Library
1 Sylvan Safekeeper
1 Talon Gates of Madara
1 Tamiyo's Safekeeping
1 Terramorphic Expanse
1 Traveling Chocobo
1 Tyvar's Stand
1 Urza's Cave
1 Urza's Saga
1 Utopia Sprawl
1 Verdant Catacombs
1 Vibrant Cityscape
1 Vines of Vastwood
1 Wild Growth
1 Wild Shape
1 Wilson, Refined Grizzly
1 Windswept Heath
1 Wooded Foothills
1 Yavimaya, Cradle of Growth",0
Vašek Hrdlička Jr.,,"Isshin, Two Heavens as One",99 swamp,0
Vít Mašek,,"Deadpool, Trading Card","1 Animate Dead
1 Arena of Glory
1 Arid Mesa
1 Badlands
1 Barrowgoyf
1 Blackcleave Cliffs
1 Blazemire Verge
1 Blood Crypt
1 Bloodstained Mire
1 Bloodtithe Harvester
1 Boggart Trawler
1 Bonecrusher Giant
1 Broadside Bombardiers
1 Cling to Dust
1 Command Tower
1 Dauthi Voidwalker
1 Deep-Cavern Bat
1 Demonic Tutor
1 Den of the Bugbear
1 Detective's Phoenix
1 Dismember
1 Dragon's Rage Channeler
1 Dragonskull Summit
1 Dread Fugue
1 Duress
1 Emperor of Bones
1 Fable of the Mirror-Breaker
1 Fatal Push
1 Fear of Missing Out
1 Fiery Confluence
1 Flame Slash
1 Fury
1 Galvanic Discharge
1 Ghost Vacuum
1 Ghostfire Slice
1 Graven Cairns
1 Grief
1 Haunted Ridge
1 Headliner Scarlett
1 Hive of the Eye Tyrant
1 Hymn to Tourach
1 Chaos Defiler
1 Inquisition of Kozilek
1 Inti, Seneschal of the Sun
1 Kolaghan's Command
1 Kroxa, Titan of Death's Hunger
1 Laelia, the Blade Reforged
1 Lazotep Quarry
1 Lightning Bolt
1 Liliana of the Veil
1 Magus of the Moon
1 Malakir Rebirth
1 Marsh Flats
1 Molten Collapse
4 Mountain
1 Nethergoyf
1 Nihil Spellbomb
1 Opposition Agent
1 Orcish Bowmasters
1 Party Thrasher
1 Polluted Delta
1 Prismatic Vista
1 Pyroblast
1 Pyrogoyf
1 Pyrokinesis
1 Raucous Theater
1 Restless Vents
1 Ruination
1 Scalding Tarn
1 Seasoned Pyromancer
1 Simian Spirit Guide
1 Snuff Out
1 Sokenzan, Crucible of Defiance
1 Spider-Punk
1 Sulfurous Springs
1 Sundering Eruption
7 Swamp
1 Takenuma, Abandoned Mire
1 Terminate
1 Tersa Lightshatter
1 Thoughtseize
1 Tourach, Dread Cantor
1 Troll of Khazad-dum
1 Unearth
1 Unholy Heat
1 Unlicensed Hearse
1 Untimely Malfunction
1 Urza's Saga
1 Verdant Catacombs
1 Wooded Foothills",0
Vít Olšovský,,Spider-Man 2099,"1 Arid Mesa
1 Bloodstained Mire
1 Bonecrusher Giant
1 Brainstorm
1 Brazen Borrower
1 Burst Lightning
1 Cascade Bluffs
1 Clout of the Dominus
1 Command Tower
1 Consult the Star Charts
1 Cori Mountain Monastery
1 Cori-Steel Cutter
1 Counterspell
1 Daze
1 Den of the Bugbear
1 Detective's Phoenix
1 Dragon's Rage Channeler
1 Expressive Iteration
1 Fable of the Mirror-Breaker
1 Faerie Mastermind
1 Fear of Missing Out
1 Fiery Islet
1 Fire // Ice
1 Flame of Anor
1 Flame Slash
1 Flooded Strand
1 Force of Negation
1 Force Spike
1 Fury
1 Galvanic Discharge
1 Ghostfire Slice
1 Gitaxian Probe
1 Harbinger of the Seas
1 Hydroblast
1 Chain Lightning
7 Island
1 Ledger Shredder
1 Lightning Bolt
1 Lorien Revealed
1 Lose Focus
1 Magus of the Moon
1 Malcolm, Alluring Scoundrel
1 Mana Leak
1 Memory Lapse
1 Mental Misstep
1 Mishra's Bauble
1 Mistrise Village
1 Misty Rainforest
4 Mountain
1 Murktide Regent
1 Opal Palace
1 Otawara, Soaring City
1 Party Thrasher
1 Peek
1 Polluted Delta
1 Ponder
1 Preordain
1 Pyrogoyf
1 Pyrokinesis
1 Reckless Charge
1 Red Elemental Blast
1 Redirect Lightning
1 Remand
1 Riverglide Pathway
1 Riverpyre Verge
1 Scalding Tarn
1 Screaming Nemesis
1 Shivan Reef
1 Sink into Stupor
1 Snapcaster Mage
1 Sokenzan, Crucible of Defiance
1 Spell Snare
1 Spirebluff Canal
1 Steam Vents
1 Stern Scolding
1 Stormcarved Coast
1 Subtlety
1 Sulfur Falls
1 Sundering Eruption
1 Swarmyard
1 Tale's End
1 Thundering Falls
1 Tishana's Tidebinder
1 True-Name Nemesis
1 Unholy Heat
1 Vendilion Clique
1 Wan Shi Tong, Librarian
1 Wash Away
1 Wild Ride
1 Wooded Foothills",0
Vojtech Kotek,,"Grenzo, Dungeon Warden","1 Aether Vial
1 Agatha's Soul Cauldron
1 Arena of Glory
1 Arid Mesa
1 Auntie's Hovel
1 Badlands
1 Battle Cry Goblin
1 Blackcleave Cliffs
1 Blood Crypt
1 Bloodstained Mire
1 Boggart Cursecrafter
1 Boggart Trawler
1 Broadside Bombardiers
1 Castle Embereth
1 Command Tower
1 Conspicuous Snoop
1 Deadpool, Trading Card
1 Demonic Tutor
1 Den of the Bugbear
1 Disruptor Flute
1 Earwig Squad
1 Eclipsed Realms
1 Exuberant Fuseling
1 Faerie Macabre
1 Fatal Push
1 Fell the Profane
1 Fury
1 Gemstone Caverns
1 General Kreat, the Boltbringer
1 Ghost Vacuum
1 Ghostfire Slice
1 Goblin Bushwhacker
1 Goblin Chainwhirler
1 Goblin Chirurgeon
1 Goblin Lackey
1 Goblin Matron
1 Goblin Recruiter
1 Graven Cairns
1 Greasewrench Goblin
1 Grief
1 Grub, Storied Matriarch
1 Haunted Ridge
1 Hexing Squelcher
1 Howlsquad Heavy
1 Impulsive Pilferer
1 Judith, the Scourge Diva
1 Kiki-Jiki, Mirror Breaker
1 Legion Loyalist
1 Lightning Bolt
1 Long Goodbye
1 Malakir Rebirth
1 Marsh Flats
1 Metallic Mimic
1 Mogg Fanatic
1 Mogg Raider
1 Mogg War Marshal
1 Moonshadow
6 Mountain
1 Mudbutton Cursetosser
1 Munitions Expert
1 Murderous Redcap
1 Orcish Bowmasters
1 Pashalik Mons
1 Path of Ancestry
1 Phyrexian Tower
1 Pinnacle Monk
1 Polluted Delta
1 Prismatic Vista
1 Pyre of Heroes
1 Pyrokinesis
1 Raucous Theater
1 Reckless Bushwhacker
1 Rending Volley
1 Rundvelt Hordemaster
1 Scalding Tarn
1 Searslicer Goblin
1 Siege-Gang Commander
1 Skirk Prospector
1 Skullclamp
1 Sling-Gang Lieutenant
1 Snuff Out
1 Sokenzan, Crucible of Defiance
1 Squee, Dubious Monarch
1 Stadium Headliner
1 Stalactite Stalker
1 Sundering Eruption
1 Super Shredder
3 Swamp
1 Taster of Wares
1 Unearth
1 Verdant Catacombs
1 Wooded Foothills",0
Vojtěch Krejčí,,"Syr Vondam, Sunstar Exemplar","1 Abandoned Air Temple
1 Accursed Marauder
1 Alseid of Life's Bounty
1 Archon of Emeria
1 Arid Mesa
1 Avatar's Wrath
1 Aven Interrupter
1 Benevolent Bodyguard
1 Bloodstained Mire
1 Boggart Trawler
1 Boromir, Warden of the Tower
1 Brightclimb Pathway
1 Burrenton Forge-Tender
1 Callous Bloodmage
1 Cathar Commando
1 Cave of the Frost Dragon
1 Caves of Koilos
1 Cloudshift
1 Command Tower
1 Concealed Courtyard
1 Damn
1 Dark Confidant
1 Dismember
1 Drannith Magistrate
1 Duress
1 Eiganjo, Seat of the Empire
1 Ephemerate
1 Esper Sentinel
1 Extraction Specialist
1 Fatal Push
1 Fetid Heath
1 Flare of Fortitude
1 Flickerwisp
1 Flooded Strand
1 Flowering of the White Tree
1 Giver of Runes
1 Godless Shrine
1 Guide of Souls
1 Champion of the Parish
1 Charming Prince
1 Chthonian Nightmare
1 Isolated Chapel
1 Kaya, Ghost Assassin
1 Kaya's Guile
1 Lazotep Quarry
1 Long Goodbye
1 Luminarch Aspirant
1 Lurrus of the Dream-Den
1 Mai, Scornful Striker
1 March of Otherworldly Light
1 Marionette Apprentice
1 Marsh Flats
1 Mother of Runes
1 Ocelot Pride
1 Palace Jailer
8 Plains
1 Plaza of Heroes
1 Polluted Delta
1 Pre-War Formalwear
1 Prismatic Ending
1 Recruiter of the Guard
1 Reflecting Pool
1 Restoration Angel
1 Reverent Mantra
1 Sanctifier en-Vec
1 Seasoned Dungeoneer
1 Selfless Savior
1 Shadowy Backstreet
1 Shambling Vent
1 Shineshadow Snarl
1 Silent Clearing
1 Skullclamp
1 Skyclave Apparition
1 Solitude
1 Starfield Shepherd
4 Swamp
1 Swords to Plowshares
1 Tainted Field
1 Thalia, Heretic Cathar
1 Thoughtseize
1 Tidehollow Sculler
1 Tithe Taker
1 Tourach, Dread Cantor
1 Unearth
1 Vindicate
1 War Room
1 Windswept Heath
1 Witch Enchanter
1 Zack Fair",0
Vojtěch Lavička,,"Cloud, Midgar Mercenary","1 Abandoned Air Temple
1 Ancient Den
1 Anointed Peacekeeper
1 Archivist of Oghma
1 Armageddon
1 Aven Interrupter
1 Benevolent Bodyguard
1 Cathar Commando
1 Cid, Freeflier Pilot
1 City of Traitors
1 Crystal Vein
1 Disruptor Flute
1 Drannith Magistrate
1 Dust Bowl
1 Eiganjo Castle
1 Eiganjo, Seat of the Empire
1 Enlightened Tutor
1 Esper Sentinel
1 Flagstones of Trokair
1 Flare of Fortitude
1 Gemstone Caverns
1 Ghost Vacuum
1 Giver of Runes
1 Glimmer Lens
1 Guide of Souls
1 Helitrooper
1 Helping Hand
1 Jacked Rabbit
1 Jolted Awake
1 Lavaspur Boots
1 Lion Sash
1 March of Otherworldly Light
1 Masterwork of Ingenuity
1 Mishra's Factory
1 Mother of Runes
1 Mutavault
1 Ocelot Pride
1 On Thin Ice
1 Oust
1 Parallax Wave
1 Path to Exile
1 Phelia, Exuberant Shepherd
1 Portable Hole
1 Pre-War Formalwear
1 Puresteel Paladin
1 Ranger-Captain of Eos
1 Ravages of War
1 Razorgrass Ambush
1 Recruiter of the Guard
1 Reverent Mantra
1 Rhys, the Evermore
1 Rishadan Port
1 Sanctifier en-Vec
1 Seam Rip
1 Selfless Savior
1 Sigarda's Aid
1 Skrelv, Defector Mite
1 Skullclamp
1 Skyclave Apparition
25 Snow-Covered Plains
1 Solitude
1 Spectacular Spider-Man
1 Static Prison
1 Stoneforge Mystic
1 Swift Reconfiguration
1 Sword of Feast and Famine
1 Sword of Fire and Ice
1 Swords to Plowshares
1 Tectonic Edge
1 Tithe Taker
1 Umezawa's Jitte
1 Urza's Saga
1 Voice of Victory
1 Winter Moon
1 Witch Enchanter",0
Vojtech Mencl,,"Terra, Magical Adept // Esper Terra","1 Abhorrent Oculus
1 Academy Rector
1 Acererak the Archlich
1 Aluren
1 Animate Dead
1 Arbor Elf
1 Arid Mesa
1 Avacyn's Pilgrim
1 Awaken the Honored Dead
1 Badlands
1 Barrowgoyf
1 Bayou
1 Birds of Paradise
1 Birthing Pod
1 Bloodstained Mire
1 Boseiju, Who Endures
1 Command Tower
1 Deadpool, Trading Card
1 Deathrite Shaman
1 Delighted Halfling
1 Demonic Tutor
1 Diabolic Intent
1 Eladamri's Call
1 Eldritch Evolution
1 Elegant Parlor
1 Elves of Deep Shadow
1 Elvish Mystic
1 Endurance
1 Enlightened Tutor
1 Fable of the Mirror-Breaker
1 Fell the Profane
1 Flooded Strand
1 Forest
1 Formidable Speaker
1 Fyndhorn Elves
1 Generous Ent
1 Grove of the Burnwillows
1 Hogaak, Arisen Necropolis
1 Hushwood Verge
1 Chaos Defiler
1 Ignoble Hierarch
1 Imperial Recruiter
1 Leyline Binding
1 Living Death
1 Llanowar Elves
1 Marsh Flats
1 Mental Misstep
1 Metamorphosis Fanatic
1 Minsc & Boo, Timeless Heroes
1 Misty Rainforest
1 Molt Tender
1 Moon-Blessed Cleric
1 Neoform
1 Noble Hierarch
1 Oliphaunt
1 Orcish Bowmasters
1 Overgrown Tomb
1 Overlord of the Balemurk
1 Overlord of the Boilerbilges
1 Parallax Wave
1 Phelia, Exuberant Shepherd
1 Phlage, Titan of Fire's Fury
1 Plateau
1 Polluted Delta
1 Profane Tutor
1 Pyrogoyf
1 Recruiter of the Guard
1 Recurring Nightmare
1 Reflecting Pool
1 Savannah
1 Scalding Tarn
1 Scrubland
1 Seam Rip
1 Shadowy Backstreet
1 Shifting Woodland
1 Six
1 Starting Town
1 Static Prison
1 Stomping Ground
1 Summon: Yojimbo
1 Survival of the Fittest
1 Swords to Plowshares
1 Taiga
1 Teferi, Time Raveler
1 Temple Garden
1 Thoughtseize
1 Tropical Island
1 Tundra
1 Unable to Scream
1 Underground Sea
1 Utopia Sprawl
1 Verdant Catacombs
1 Voice of Victory
1 Volcanic Island
1 Wastewood Verge
1 Wild Growth
1 Windswept Heath
1 Wooded Foothills
1 Worldly Tutor",0
Vojtěch Šenkýř,,"Azusa, Lost but Seeking","1 Abstergo Entertainment
1 Adventurer's Inn
1 All Is Dust
1 Arboreal Grazer
1 Archdruid's Charm
1 Arid Archway
1 Augur of Autumn
1 Boseiju, Who Endures
1 Burgeoning
1 Castle Garenbrig
1 Conduit of Worlds
1 Courser of Kruphix
1 Crop Rotation
1 Crucible of Worlds
1 Crystal Vein
1 Dark Depths
1 Delighted Halfling
1 Dust Bowl
1 Echoing Deeps
1 Eldrazi Confluence
1 Eldrazi Temple
1 Elvish Reclaimer
1 Emrakul, the Promised End
1 Emrakul, the World Anew
1 Endurance
1 Expedition Map
1 Exploration
1 Eye of Ugin
1 Fabled Passage
1 Fierce Empath
1 Finale of Devastation
12 Forest
1 Formidable Speaker
1 Gemstone Caverns
1 Gingerbread Cabin
1 Glacial Chasm
1 Green Sun's Zenith
1 Guildless Commons
1 Hickory Woodlot
1 Horizon of Progress
1 Hour of Promise
1 Icetill Explorer
1 Invasion of Ikoria
1 Maze of Ith
1 Misty Rainforest
1 Mulch
1 Nature's Rhythm
1 Null Elemental Blast
1 Oblivion Stone
1 Oracle of Mul Daya
1 Petrified Field
1 Pit of Offerings
1 Planar Nexus
1 Primeval Titan
1 Radiant Fountain
1 Ramunap Excavator
1 Rishadan Port
1 Riveteers Overlook
1 Shifting Woodland
1 Sowing Mycospawn
1 Spatial Contortion
1 Sylvan Scrying
1 Talon Gates of Madara
1 Tectonic Edge
1 Temple of the False God
1 Thespian's Stage
1 Thought-Knot Seer
1 Titania's Command
1 Trinisphere
1 Ugin, Eye of the Storms
1 Ugin, the Spirit Dragon
1 Ulamog, the Ceaseless Hunger
1 Urza's Cave
1 Urza's Mine
1 Urza's Power Plant
1 Urza's Tower
1 Verdant Catacombs
1 Vesuva
1 Walk-In Closet // Forgotten Cellar
1 Wild Growth
1 Winding Way
1 Windswept Heath
1 Wooded Foothills
1 Woodland Bellower
1 World Breaker
1 World Map
1 Worldly Tutor
1 Yavimaya, Cradle of Growth",0
Vratislav Drabek,,Zurgo Bellstriker,"1 Arena of Glory
1 Arid Mesa
1 Ash Zealot
1 Barbarian Ring
1 Bloodstained Mire
1 Boltwave
1 Bonecrusher Giant
1 Broadside Bombardiers
1 Burst Lightning
1 Cemetery Gatekeeper
1 Collateral Damage
1 Cori-Steel Cutter
1 Den of the Bugbear
1 Dragon's Rage Channeler
1 Earthshaker Khenra
1 Eidolon of the Great Revel
1 Exquisite Firecraft
1 Fable of the Mirror-Breaker
1 Feldon, Ronom Excavator
1 Fiery Confluence
1 Fireblast
1 Flare of Duplication
1 Force of Rage
1 Fury
1 Galvanic Blast
1 Ghostfire Slice
1 Goblin Guide
1 Gornog, the Red Reaper
1 Great Furnace
1 Headliner Scarlett
1 Hexing Squelcher
1 Horizon of Progress
1 Chain Lightning
1 Incinerate
1 Laelia, the Blade Reforged
1 Lava Spike
1 Light Up the Stage
1 Lightning Bolt
1 Lightning Strike
1 Loyal Apprentice
1 Magus of the Moon
1 Monastery Swiftspear
18 Mountain
1 Mutavault
1 Pinnacle Monk
1 Play with Fire
1 Prismatic Vista
1 Pyroblast
1 Pyrogoyf
1 Pyrokinesis
1 Ramunap Ruins
1 Razorkin Needlehead
1 Rift Bolt
1 Robber of the Rich
1 Roiling Vortex
1 Scald
1 Scalding Tarn
1 Screaming Nemesis
1 Seal of Fire
1 Searing Blaze
1 Searing Blood
1 Searing Spear
1 Shard Volley
1 Shinka, the Bloodsoaked Keep
1 Shock
1 Simian Spirit Guide
1 Skewer the Critics
1 Skullcrack
1 Slickshot Show-Off
1 Sokenzan, Crucible of Defiance
1 Spider-Punk
1 Sulfuric Vortex
1 Sundering Eruption
1 Sunspine Lynx
1 Talon Gates of Madara
1 Tarfire
1 Tersa Lightshatter
1 Untimely Malfunction
1 Valakut, the Molten Pinnacle
1 War Room
1 Wild Slash
1 Wooded Foothills",0